

2025-06-25 20:21:35.075 [INFO] ========== HULK COMPILER LOGGING SESSION ===========
2025-06-25 20:21:35.075 [INFO] Log file: hulk_compiler.log
2025-06-25 20:21:35.075 [INFO] Log level: DEBUG
2025-06-25 20:21:35.075 [INFO] Initialized by component: Main Compiler
2025-06-25 20:21:35.075 [INFO] ==================================================
2025-06-25 20:21:35.075 [INFO] === HULK Compiler Starting ===
2025-06-25 20:21:35.075 [INFO] Usando archivo: ./script.hulk
2025-06-25 20:21:35.075 [INFO] Cargando gramática de HULK
2025-06-25 20:21:35.076 [INFO] Gramática HULK cargada con 114 producciones
2025-06-25 20:21:35.076 [INFO] Intentando leer archivo fuente: ./script.hulk
2025-06-25 20:21:35.076 [DEBUG] Archivo abierto, leyendo contenido
2025-06-25 20:21:35.076 [INFO] Archivo leído exitosamente: ./script.hulk (237 bytes)
2025-06-25 20:21:35.076 [INFO] Iniciando proceso de compilación HULK
2025-06-25 20:21:35.076 [INFO] Longitud del código fuente: 237 bytes
2025-06-25 20:21:35.076 [INFO] Cargando artefactos del compilador (lexer y parser)
2025-06-25 20:21:35.084 [INFO] Artefactos del compilador cargados exitosamente
2025-06-25 20:21:35.084 [INFO] Iniciando tokenización del código fuente
2025-06-25 20:21:35.084 [INFO] Tokenizando código fuente (237 bytes)
2025-06-25 20:21:35.084 [DEBUG] Lexer: Analizando entrada: '
function fibonacci(...'
2025-06-25 20:21:35.084 [DEBUG] Lexer: Transición con '
' al estado 2, lexema actual: '
'
2025-06-25 20:21:35.084 [DEBUG] Lexer: Estado final alcanzado, tipo de token: 'newline', lexema completo: '
'
2025-06-25 20:21:35.084 [DEBUG] Lexer: No hay transición con 'f', devolviendo token encontrado: '
' (tipo: 'newline')
2025-06-25 20:21:35.084 [DEBUG] Lexer: Ignorando token 'newline' en línea 1, columna 1 (lexema: '\n')
2025-06-25 20:21:35.084 [DEBUG] Lexer: Analizando entrada: 'function fibonacci(x...'
2025-06-25 20:21:35.084 [DEBUG] Lexer: Transición con 'f' al estado 29, lexema actual: 'f'
2025-06-25 20:21:35.084 [DEBUG] Lexer: Estado final alcanzado, tipo de token: 'var_id', lexema completo: 'f'
2025-06-25 20:21:35.084 [DEBUG] Lexer: Transición con 'u' al estado 63, lexema actual: 'fu'
2025-06-25 20:21:35.084 [DEBUG] Lexer: Estado final alcanzado, tipo de token: 'var_id', lexema completo: 'fu'
2025-06-25 20:21:35.084 [DEBUG] Lexer: Transición con 'n' al estado 64, lexema actual: 'fun'
2025-06-25 20:21:35.084 [DEBUG] Lexer: Estado final alcanzado, tipo de token: 'var_id', lexema completo: 'fun'
2025-06-25 20:21:35.084 [DEBUG] Lexer: Transición con 'c' al estado 65, lexema actual: 'func'
2025-06-25 20:21:35.084 [DEBUG] Lexer: Estado final alcanzado, tipo de token: 'var_id', lexema completo: 'func'
2025-06-25 20:21:35.084 [DEBUG] Lexer: Transición con 't' al estado 66, lexema actual: 'funct'
2025-06-25 20:21:35.084 [DEBUG] Lexer: Estado final alcanzado, tipo de token: 'var_id', lexema completo: 'funct'
2025-06-25 20:21:35.084 [DEBUG] Lexer: Transición con 'i' al estado 67, lexema actual: 'functi'
2025-06-25 20:21:35.084 [DEBUG] Lexer: Estado final alcanzado, tipo de token: 'var_id', lexema completo: 'functi'
2025-06-25 20:21:35.084 [DEBUG] Lexer: Transición con 'o' al estado 68, lexema actual: 'functio'
2025-06-25 20:21:35.084 [DEBUG] Lexer: Estado final alcanzado, tipo de token: 'var_id', lexema completo: 'functio'
2025-06-25 20:21:35.084 [DEBUG] Lexer: Transición con 'n' al estado 69, lexema actual: 'function'
2025-06-25 20:21:35.084 [DEBUG] Lexer: Estado final alcanzado, tipo de token: 'function', lexema completo: 'function'
2025-06-25 20:21:35.084 [DEBUG] Lexer: No hay transición con ' ', devolviendo token encontrado: 'function' (tipo: 'function')
2025-06-25 20:21:35.084 [DEBUG] Lexer: Generando token 'function' en línea 2, columna 1 (lexema: 'function')
2025-06-25 20:21:35.084 [DEBUG] Lexer: Analizando entrada: ' fibonacci(x:Int) {
...'
2025-06-25 20:21:35.084 [DEBUG] Lexer: Transición con ' ' al estado 3, lexema actual: ' '
2025-06-25 20:21:35.084 [DEBUG] Lexer: Estado final alcanzado, tipo de token: 'space', lexema completo: ' '
2025-06-25 20:21:35.084 [DEBUG] Lexer: No hay transición con 'f', devolviendo token encontrado: ' ' (tipo: 'space')
2025-06-25 20:21:35.084 [DEBUG] Lexer: Ignorando token 'space' en línea 2, columna 9 (lexema: ' ')
2025-06-25 20:21:35.084 [DEBUG] Lexer: Analizando entrada: 'fibonacci(x:Int) {
 ...'
2025-06-25 20:21:35.084 [DEBUG] Lexer: Transición con 'f' al estado 29, lexema actual: 'f'
2025-06-25 20:21:35.084 [DEBUG] Lexer: Estado final alcanzado, tipo de token: 'var_id', lexema completo: 'f'
2025-06-25 20:21:35.084 [DEBUG] Lexer: Transición con 'i' al estado 27, lexema actual: 'fi'
2025-06-25 20:21:35.084 [DEBUG] Lexer: Estado final alcanzado, tipo de token: 'var_id', lexema completo: 'fi'
2025-06-25 20:21:35.084 [DEBUG] Lexer: Transición con 'b' al estado 27, lexema actual: 'fib'
2025-06-25 20:21:35.084 [DEBUG] Lexer: Estado final alcanzado, tipo de token: 'var_id', lexema completo: 'fib'
2025-06-25 20:21:35.084 [DEBUG] Lexer: Transición con 'o' al estado 27, lexema actual: 'fibo'
2025-06-25 20:21:35.084 [DEBUG] Lexer: Estado final alcanzado, tipo de token: 'var_id', lexema completo: 'fibo'
2025-06-25 20:21:35.084 [DEBUG] Lexer: Transición con 'n' al estado 27, lexema actual: 'fibon'
2025-06-25 20:21:35.084 [DEBUG] Lexer: Estado final alcanzado, tipo de token: 'var_id', lexema completo: 'fibon'
2025-06-25 20:21:35.084 [DEBUG] Lexer: Transición con 'a' al estado 27, lexema actual: 'fibona'
2025-06-25 20:21:35.084 [DEBUG] Lexer: Estado final alcanzado, tipo de token: 'var_id', lexema completo: 'fibona'
2025-06-25 20:21:35.084 [DEBUG] Lexer: Transición con 'c' al estado 27, lexema actual: 'fibonac'
2025-06-25 20:21:35.084 [DEBUG] Lexer: Estado final alcanzado, tipo de token: 'var_id', lexema completo: 'fibonac'
2025-06-25 20:21:35.084 [DEBUG] Lexer: Transición con 'c' al estado 27, lexema actual: 'fibonacc'
2025-06-25 20:21:35.084 [DEBUG] Lexer: Estado final alcanzado, tipo de token: 'var_id', lexema completo: 'fibonacc'
2025-06-25 20:21:35.084 [DEBUG] Lexer: Transición con 'i' al estado 27, lexema actual: 'fibonacci'
2025-06-25 20:21:35.084 [DEBUG] Lexer: Estado final alcanzado, tipo de token: 'var_id', lexema completo: 'fibonacci'
2025-06-25 20:21:35.084 [DEBUG] Lexer: No hay transición con '(', devolviendo token encontrado: 'fibonacci' (tipo: 'var_id')
2025-06-25 20:21:35.084 [DEBUG] Lexer: Generando token 'var_id' en línea 2, columna 10 (lexema: 'fibonacci')
2025-06-25 20:21:35.084 [DEBUG] Lexer: Analizando entrada: '(x:Int) {
  if (x > ...'
2025-06-25 20:21:35.084 [DEBUG] Lexer: Transición con '(' al estado 8, lexema actual: '('
2025-06-25 20:21:35.084 [DEBUG] Lexer: Estado final alcanzado, tipo de token: '(', lexema completo: '('
2025-06-25 20:21:35.084 [DEBUG] Lexer: No hay transición con 'x', devolviendo token encontrado: '(' (tipo: '(')
2025-06-25 20:21:35.084 [DEBUG] Lexer: Generando token '(' en línea 2, columna 19 (lexema: '(')
2025-06-25 20:21:35.084 [DEBUG] Lexer: Analizando entrada: 'x:Int) {
  if (x > 0...'
2025-06-25 20:21:35.084 [DEBUG] Lexer: Transición con 'x' al estado 27, lexema actual: 'x'
2025-06-25 20:21:35.084 [DEBUG] Lexer: Estado final alcanzado, tipo de token: 'var_id', lexema completo: 'x'
2025-06-25 20:21:35.084 [DEBUG] Lexer: No hay transición con ':', devolviendo token encontrado: 'x' (tipo: 'var_id')
2025-06-25 20:21:35.084 [DEBUG] Lexer: Generando token 'var_id' en línea 2, columna 20 (lexema: 'x')
2025-06-25 20:21:35.084 [DEBUG] Lexer: Analizando entrada: ':Int) {
  if (x > 0)...'
2025-06-25 20:21:35.084 [DEBUG] Lexer: Transición con ':' al estado 18, lexema actual: ':'
2025-06-25 20:21:35.084 [DEBUG] Lexer: Estado final alcanzado, tipo de token: ':', lexema completo: ':'
2025-06-25 20:21:35.084 [DEBUG] Lexer: No hay transición con 'I', devolviendo token encontrado: ':' (tipo: ':')
2025-06-25 20:21:35.084 [DEBUG] Lexer: Generando token ':' en línea 2, columna 21 (lexema: ':')
2025-06-25 20:21:35.084 [DEBUG] Lexer: Analizando entrada: 'Int) {
  if (x > 0) ...'
2025-06-25 20:21:35.084 [DEBUG] Lexer: Transición con 'I' al estado 24, lexema actual: 'I'
2025-06-25 20:21:35.084 [DEBUG] Lexer: Estado final alcanzado, tipo de token: 'type_id', lexema completo: 'I'
2025-06-25 20:21:35.084 [DEBUG] Lexer: Transición con 'n' al estado 24, lexema actual: 'In'
2025-06-25 20:21:35.084 [DEBUG] Lexer: Estado final alcanzado, tipo de token: 'type_id', lexema completo: 'In'
2025-06-25 20:21:35.084 [DEBUG] Lexer: Transición con 't' al estado 24, lexema actual: 'Int'
2025-06-25 20:21:35.084 [DEBUG] Lexer: Estado final alcanzado, tipo de token: 'type_id', lexema completo: 'Int'
2025-06-25 20:21:35.084 [DEBUG] Lexer: No hay transición con ')', devolviendo token encontrado: 'Int' (tipo: 'type_id')
2025-06-25 20:21:35.084 [DEBUG] Lexer: Generando token 'type_id' en línea 2, columna 22 (lexema: 'Int')
2025-06-25 20:21:35.084 [DEBUG] Lexer: Analizando entrada: ') {
  if (x > 0) {
 ...'
2025-06-25 20:21:35.084 [DEBUG] Lexer: Transición con ')' al estado 9, lexema actual: ')'
2025-06-25 20:21:35.084 [DEBUG] Lexer: Estado final alcanzado, tipo de token: ')', lexema completo: ')'
2025-06-25 20:21:35.084 [DEBUG] Lexer: No hay transición con ' ', devolviendo token encontrado: ')' (tipo: ')')
2025-06-25 20:21:35.084 [DEBUG] Lexer: Generando token ')' en línea 2, columna 25 (lexema: ')')
2025-06-25 20:21:35.084 [DEBUG] Lexer: Analizando entrada: ' {
  if (x > 0) {
  ...'
2025-06-25 20:21:35.084 [DEBUG] Lexer: Transición con ' ' al estado 3, lexema actual: ' '
2025-06-25 20:21:35.085 [DEBUG] Lexer: Estado final alcanzado, tipo de token: 'space', lexema completo: ' '
2025-06-25 20:21:35.085 [DEBUG] Lexer: No hay transición con '{', devolviendo token encontrado: ' ' (tipo: 'space')
2025-06-25 20:21:35.085 [DEBUG] Lexer: Ignorando token 'space' en línea 2, columna 26 (lexema: ' ')
2025-06-25 20:21:35.085 [DEBUG] Lexer: Analizando entrada: '{
  if (x > 0) {
   ...'
2025-06-25 20:21:35.085 [DEBUG] Lexer: Transición con '{' al estado 35, lexema actual: '{'
2025-06-25 20:21:35.085 [DEBUG] Lexer: Estado final alcanzado, tipo de token: '{', lexema completo: '{'
2025-06-25 20:21:35.085 [DEBUG] Lexer: No hay transición con '
', devolviendo token encontrado: '{' (tipo: '{')
2025-06-25 20:21:35.085 [DEBUG] Lexer: Generando token '{' en línea 2, columna 27 (lexema: '{')
2025-06-25 20:21:35.085 [DEBUG] Lexer: Analizando entrada: '
  if (x > 0) {
    ...'
2025-06-25 20:21:35.085 [DEBUG] Lexer: Transición con '
' al estado 2, lexema actual: '
'
2025-06-25 20:21:35.085 [DEBUG] Lexer: Estado final alcanzado, tipo de token: 'newline', lexema completo: '
'
2025-06-25 20:21:35.085 [DEBUG] Lexer: No hay transición con ' ', devolviendo token encontrado: '
' (tipo: 'newline')
2025-06-25 20:21:35.085 [DEBUG] Lexer: Ignorando token 'newline' en línea 2, columna 28 (lexema: '\n')
2025-06-25 20:21:35.085 [DEBUG] Lexer: Analizando entrada: '  if (x > 0) {
    f...'
2025-06-25 20:21:35.085 [DEBUG] Lexer: Transición con ' ' al estado 3, lexema actual: ' '
2025-06-25 20:21:35.085 [DEBUG] Lexer: Estado final alcanzado, tipo de token: 'space', lexema completo: ' '
2025-06-25 20:21:35.085 [DEBUG] Lexer: Transición con ' ' al estado 3, lexema actual: '  '
2025-06-25 20:21:35.085 [DEBUG] Lexer: Estado final alcanzado, tipo de token: 'space', lexema completo: '  '
2025-06-25 20:21:35.085 [DEBUG] Lexer: No hay transición con 'i', devolviendo token encontrado: '  ' (tipo: 'space')
2025-06-25 20:21:35.085 [DEBUG] Lexer: Ignorando token 'space' en línea 3, columna 1 (lexema: '  ')
2025-06-25 20:21:35.085 [DEBUG] Lexer: Analizando entrada: 'if (x > 0) {
    fib...'
2025-06-25 20:21:35.085 [DEBUG] Lexer: Transición con 'i' al estado 30, lexema actual: 'i'
2025-06-25 20:21:35.085 [DEBUG] Lexer: Estado final alcanzado, tipo de token: 'var_id', lexema completo: 'i'
2025-06-25 20:21:35.085 [DEBUG] Lexer: Transición con 'f' al estado 52, lexema actual: 'if'
2025-06-25 20:21:35.085 [DEBUG] Lexer: Estado final alcanzado, tipo de token: 'if', lexema completo: 'if'
2025-06-25 20:21:35.085 [DEBUG] Lexer: No hay transición con ' ', devolviendo token encontrado: 'if' (tipo: 'if')
2025-06-25 20:21:35.085 [DEBUG] Lexer: Generando token 'if' en línea 3, columna 3 (lexema: 'if')
2025-06-25 20:21:35.085 [DEBUG] Lexer: Analizando entrada: ' (x > 0) {
    fibon...'
2025-06-25 20:21:35.085 [DEBUG] Lexer: Transición con ' ' al estado 3, lexema actual: ' '
2025-06-25 20:21:35.085 [DEBUG] Lexer: Estado final alcanzado, tipo de token: 'space', lexema completo: ' '
2025-06-25 20:21:35.085 [DEBUG] Lexer: No hay transición con '(', devolviendo token encontrado: ' ' (tipo: 'space')
2025-06-25 20:21:35.085 [DEBUG] Lexer: Ignorando token 'space' en línea 3, columna 5 (lexema: ' ')
2025-06-25 20:21:35.085 [DEBUG] Lexer: Analizando entrada: '(x > 0) {
    fibona...'
2025-06-25 20:21:35.085 [DEBUG] Lexer: Transición con '(' al estado 8, lexema actual: '('
2025-06-25 20:21:35.085 [DEBUG] Lexer: Estado final alcanzado, tipo de token: '(', lexema completo: '('
2025-06-25 20:21:35.085 [DEBUG] Lexer: No hay transición con 'x', devolviendo token encontrado: '(' (tipo: '(')
2025-06-25 20:21:35.085 [DEBUG] Lexer: Generando token '(' en línea 3, columna 6 (lexema: '(')
2025-06-25 20:21:35.085 [DEBUG] Lexer: Analizando entrada: 'x > 0) {
    fibonac...'
2025-06-25 20:21:35.085 [DEBUG] Lexer: Transición con 'x' al estado 27, lexema actual: 'x'
2025-06-25 20:21:35.085 [DEBUG] Lexer: Estado final alcanzado, tipo de token: 'var_id', lexema completo: 'x'
2025-06-25 20:21:35.085 [DEBUG] Lexer: No hay transición con ' ', devolviendo token encontrado: 'x' (tipo: 'var_id')
2025-06-25 20:21:35.085 [DEBUG] Lexer: Generando token 'var_id' en línea 3, columna 7 (lexema: 'x')
2025-06-25 20:21:35.085 [DEBUG] Lexer: Analizando entrada: ' > 0) {
    fibonacc...'
2025-06-25 20:21:35.085 [DEBUG] Lexer: Transición con ' ' al estado 3, lexema actual: ' '
2025-06-25 20:21:35.085 [DEBUG] Lexer: Estado final alcanzado, tipo de token: 'space', lexema completo: ' '
2025-06-25 20:21:35.085 [DEBUG] Lexer: No hay transición con '>', devolviendo token encontrado: ' ' (tipo: 'space')
2025-06-25 20:21:35.085 [DEBUG] Lexer: Ignorando token 'space' en línea 3, columna 8 (lexema: ' ')
2025-06-25 20:21:35.085 [DEBUG] Lexer: Analizando entrada: '> 0) {
    fibonacci...'
2025-06-25 20:21:35.085 [DEBUG] Lexer: Transición con '>' al estado 22, lexema actual: '>'
2025-06-25 20:21:35.085 [DEBUG] Lexer: Estado final alcanzado, tipo de token: '>', lexema completo: '>'
2025-06-25 20:21:35.085 [DEBUG] Lexer: No hay transición con ' ', devolviendo token encontrado: '>' (tipo: '>')
2025-06-25 20:21:35.085 [DEBUG] Lexer: Generando token '>' en línea 3, columna 9 (lexema: '>')
2025-06-25 20:21:35.085 [DEBUG] Lexer: Analizando entrada: ' 0) {
    fibonacci(...'
2025-06-25 20:21:35.085 [DEBUG] Lexer: Transición con ' ' al estado 3, lexema actual: ' '
2025-06-25 20:21:35.085 [DEBUG] Lexer: Estado final alcanzado, tipo de token: 'space', lexema completo: ' '
2025-06-25 20:21:35.085 [DEBUG] Lexer: No hay transición con '0', devolviendo token encontrado: ' ' (tipo: 'space')
2025-06-25 20:21:35.085 [DEBUG] Lexer: Ignorando token 'space' en línea 3, columna 10 (lexema: ' ')
2025-06-25 20:21:35.085 [DEBUG] Lexer: Analizando entrada: '0) {
    fibonacci(x...'
2025-06-25 20:21:35.085 [DEBUG] Lexer: Transición con '0' al estado 16, lexema actual: '0'
2025-06-25 20:21:35.085 [DEBUG] Lexer: Estado final alcanzado, tipo de token: 'number', lexema completo: '0'
2025-06-25 20:21:35.085 [DEBUG] Lexer: No hay transición con ')', devolviendo token encontrado: '0' (tipo: 'number')
2025-06-25 20:21:35.085 [DEBUG] Lexer: Generando token 'number' en línea 3, columna 11 (lexema: '0')
2025-06-25 20:21:35.085 [DEBUG] Lexer: Analizando entrada: ') {
    fibonacci(x-...'
2025-06-25 20:21:35.085 [DEBUG] Lexer: Transición con ')' al estado 9, lexema actual: ')'
2025-06-25 20:21:35.085 [DEBUG] Lexer: Estado final alcanzado, tipo de token: ')', lexema completo: ')'
2025-06-25 20:21:35.085 [DEBUG] Lexer: No hay transición con ' ', devolviendo token encontrado: ')' (tipo: ')')
2025-06-25 20:21:35.085 [DEBUG] Lexer: Generando token ')' en línea 3, columna 12 (lexema: ')')
2025-06-25 20:21:35.085 [DEBUG] Lexer: Analizando entrada: ' {
    fibonacci(x-1...'
2025-06-25 20:21:35.085 [DEBUG] Lexer: Transición con ' ' al estado 3, lexema actual: ' '
2025-06-25 20:21:35.085 [DEBUG] Lexer: Estado final alcanzado, tipo de token: 'space', lexema completo: ' '
2025-06-25 20:21:35.085 [DEBUG] Lexer: No hay transición con '{', devolviendo token encontrado: ' ' (tipo: 'space')
2025-06-25 20:21:35.085 [DEBUG] Lexer: Ignorando token 'space' en línea 3, columna 13 (lexema: ' ')
2025-06-25 20:21:35.085 [DEBUG] Lexer: Analizando entrada: '{
    fibonacci(x-1)...'
2025-06-25 20:21:35.085 [DEBUG] Lexer: Transición con '{' al estado 35, lexema actual: '{'
2025-06-25 20:21:35.085 [DEBUG] Lexer: Estado final alcanzado, tipo de token: '{', lexema completo: '{'
2025-06-25 20:21:35.085 [DEBUG] Lexer: No hay transición con '
', devolviendo token encontrado: '{' (tipo: '{')
2025-06-25 20:21:35.085 [DEBUG] Lexer: Generando token '{' en línea 3, columna 14 (lexema: '{')
2025-06-25 20:21:35.085 [DEBUG] Lexer: Analizando entrada: '
    fibonacci(x-1) ...'
2025-06-25 20:21:35.085 [DEBUG] Lexer: Transición con '
' al estado 2, lexema actual: '
'
2025-06-25 20:21:35.085 [DEBUG] Lexer: Estado final alcanzado, tipo de token: 'newline', lexema completo: '
'
2025-06-25 20:21:35.085 [DEBUG] Lexer: No hay transición con ' ', devolviendo token encontrado: '
' (tipo: 'newline')
2025-06-25 20:21:35.085 [DEBUG] Lexer: Ignorando token 'newline' en línea 3, columna 15 (lexema: '\n')
2025-06-25 20:21:35.085 [DEBUG] Lexer: Analizando entrada: '    fibonacci(x-1) +...'
2025-06-25 20:21:35.085 [DEBUG] Lexer: Transición con ' ' al estado 3, lexema actual: ' '
2025-06-25 20:21:35.085 [DEBUG] Lexer: Estado final alcanzado, tipo de token: 'space', lexema completo: ' '
2025-06-25 20:21:35.085 [DEBUG] Lexer: Transición con ' ' al estado 3, lexema actual: '  '
2025-06-25 20:21:35.085 [DEBUG] Lexer: Estado final alcanzado, tipo de token: 'space', lexema completo: '  '
2025-06-25 20:21:35.085 [DEBUG] Lexer: Transición con ' ' al estado 3, lexema actual: '   '
2025-06-25 20:21:35.085 [DEBUG] Lexer: Estado final alcanzado, tipo de token: 'space', lexema completo: '   '
2025-06-25 20:21:35.085 [DEBUG] Lexer: Transición con ' ' al estado 3, lexema actual: '    '
2025-06-25 20:21:35.085 [DEBUG] Lexer: Estado final alcanzado, tipo de token: 'space', lexema completo: '    '
2025-06-25 20:21:35.085 [DEBUG] Lexer: No hay transición con 'f', devolviendo token encontrado: '    ' (tipo: 'space')
2025-06-25 20:21:35.085 [DEBUG] Lexer: Ignorando token 'space' en línea 4, columna 1 (lexema: '    ')
2025-06-25 20:21:35.085 [DEBUG] Lexer: Analizando entrada: 'fibonacci(x-1) + fib...'
2025-06-25 20:21:35.085 [DEBUG] Lexer: Transición con 'f' al estado 29, lexema actual: 'f'
2025-06-25 20:21:35.085 [DEBUG] Lexer: Estado final alcanzado, tipo de token: 'var_id', lexema completo: 'f'
2025-06-25 20:21:35.085 [DEBUG] Lexer: Transición con 'i' al estado 27, lexema actual: 'fi'
2025-06-25 20:21:35.085 [DEBUG] Lexer: Estado final alcanzado, tipo de token: 'var_id', lexema completo: 'fi'
2025-06-25 20:21:35.085 [DEBUG] Lexer: Transición con 'b' al estado 27, lexema actual: 'fib'
2025-06-25 20:21:35.085 [DEBUG] Lexer: Estado final alcanzado, tipo de token: 'var_id', lexema completo: 'fib'
2025-06-25 20:21:35.085 [DEBUG] Lexer: Transición con 'o' al estado 27, lexema actual: 'fibo'
2025-06-25 20:21:35.085 [DEBUG] Lexer: Estado final alcanzado, tipo de token: 'var_id', lexema completo: 'fibo'
2025-06-25 20:21:35.085 [DEBUG] Lexer: Transición con 'n' al estado 27, lexema actual: 'fibon'
2025-06-25 20:21:35.085 [DEBUG] Lexer: Estado final alcanzado, tipo de token: 'var_id', lexema completo: 'fibon'
2025-06-25 20:21:35.085 [DEBUG] Lexer: Transición con 'a' al estado 27, lexema actual: 'fibona'
2025-06-25 20:21:35.085 [DEBUG] Lexer: Estado final alcanzado, tipo de token: 'var_id', lexema completo: 'fibona'
2025-06-25 20:21:35.085 [DEBUG] Lexer: Transición con 'c' al estado 27, lexema actual: 'fibonac'
2025-06-25 20:21:35.085 [DEBUG] Lexer: Estado final alcanzado, tipo de token: 'var_id', lexema completo: 'fibonac'
2025-06-25 20:21:35.085 [DEBUG] Lexer: Transición con 'c' al estado 27, lexema actual: 'fibonacc'
2025-06-25 20:21:35.085 [DEBUG] Lexer: Estado final alcanzado, tipo de token: 'var_id', lexema completo: 'fibonacc'
2025-06-25 20:21:35.085 [DEBUG] Lexer: Transición con 'i' al estado 27, lexema actual: 'fibonacci'
2025-06-25 20:21:35.085 [DEBUG] Lexer: Estado final alcanzado, tipo de token: 'var_id', lexema completo: 'fibonacci'
2025-06-25 20:21:35.085 [DEBUG] Lexer: No hay transición con '(', devolviendo token encontrado: 'fibonacci' (tipo: 'var_id')
2025-06-25 20:21:35.085 [DEBUG] Lexer: Generando token 'var_id' en línea 4, columna 5 (lexema: 'fibonacci')
2025-06-25 20:21:35.085 [DEBUG] Lexer: Analizando entrada: '(x-1) + fibonacci(x-...'
2025-06-25 20:21:35.085 [DEBUG] Lexer: Transición con '(' al estado 8, lexema actual: '('
2025-06-25 20:21:35.085 [DEBUG] Lexer: Estado final alcanzado, tipo de token: '(', lexema completo: '('
2025-06-25 20:21:35.085 [DEBUG] Lexer: No hay transición con 'x', devolviendo token encontrado: '(' (tipo: '(')
2025-06-25 20:21:35.085 [DEBUG] Lexer: Generando token '(' en línea 4, columna 14 (lexema: '(')
2025-06-25 20:21:35.085 [DEBUG] Lexer: Analizando entrada: 'x-1) + fibonacci(x-2...'
2025-06-25 20:21:35.085 [DEBUG] Lexer: Transición con 'x' al estado 27, lexema actual: 'x'
2025-06-25 20:21:35.085 [DEBUG] Lexer: Estado final alcanzado, tipo de token: 'var_id', lexema completo: 'x'
2025-06-25 20:21:35.085 [DEBUG] Lexer: No hay transición con '-', devolviendo token encontrado: 'x' (tipo: 'var_id')
2025-06-25 20:21:35.085 [DEBUG] Lexer: Generando token 'var_id' en línea 4, columna 15 (lexema: 'x')
2025-06-25 20:21:35.085 [DEBUG] Lexer: Analizando entrada: '-1) + fibonacci(x-2)...'
2025-06-25 20:21:35.085 [DEBUG] Lexer: Transición con '-' al estado 13, lexema actual: '-'
2025-06-25 20:21:35.085 [DEBUG] Lexer: Estado final alcanzado, tipo de token: '-', lexema completo: '-'
2025-06-25 20:21:35.085 [DEBUG] Lexer: No hay transición con '1', devolviendo token encontrado: '-' (tipo: '-')
2025-06-25 20:21:35.085 [DEBUG] Lexer: Generando token '-' en línea 4, columna 16 (lexema: '-')
2025-06-25 20:21:35.085 [DEBUG] Lexer: Analizando entrada: '1) + fibonacci(x-2);...'
2025-06-25 20:21:35.085 [DEBUG] Lexer: Transición con '1' al estado 17, lexema actual: '1'
2025-06-25 20:21:35.085 [DEBUG] Lexer: Estado final alcanzado, tipo de token: 'number', lexema completo: '1'
2025-06-25 20:21:35.085 [DEBUG] Lexer: No hay transición con ')', devolviendo token encontrado: '1' (tipo: 'number')
2025-06-25 20:21:35.085 [DEBUG] Lexer: Generando token 'number' en línea 4, columna 17 (lexema: '1')
2025-06-25 20:21:35.085 [DEBUG] Lexer: Analizando entrada: ') + fibonacci(x-2);
...'
2025-06-25 20:21:35.085 [DEBUG] Lexer: Transición con ')' al estado 9, lexema actual: ')'
2025-06-25 20:21:35.085 [DEBUG] Lexer: Estado final alcanzado, tipo de token: ')', lexema completo: ')'
2025-06-25 20:21:35.085 [DEBUG] Lexer: No hay transición con ' ', devolviendo token encontrado: ')' (tipo: ')')
2025-06-25 20:21:35.085 [DEBUG] Lexer: Generando token ')' en línea 4, columna 18 (lexema: ')')
2025-06-25 20:21:35.085 [DEBUG] Lexer: Analizando entrada: ' + fibonacci(x-2);
 ...'
2025-06-25 20:21:35.085 [DEBUG] Lexer: Transición con ' ' al estado 3, lexema actual: ' '
2025-06-25 20:21:35.085 [DEBUG] Lexer: Estado final alcanzado, tipo de token: 'space', lexema completo: ' '
2025-06-25 20:21:35.085 [DEBUG] Lexer: No hay transición con '+', devolviendo token encontrado: ' ' (tipo: 'space')
2025-06-25 20:21:35.085 [DEBUG] Lexer: Ignorando token 'space' en línea 4, columna 19 (lexema: ' ')
2025-06-25 20:21:35.085 [DEBUG] Lexer: Analizando entrada: '+ fibonacci(x-2);
  ...'
2025-06-25 20:21:35.085 [DEBUG] Lexer: Transición con '+' al estado 11, lexema actual: '+'
2025-06-25 20:21:35.085 [DEBUG] Lexer: Estado final alcanzado, tipo de token: '+', lexema completo: '+'
2025-06-25 20:21:35.085 [DEBUG] Lexer: No hay transición con ' ', devolviendo token encontrado: '+' (tipo: '+')
2025-06-25 20:21:35.085 [DEBUG] Lexer: Generando token '+' en línea 4, columna 20 (lexema: '+')
2025-06-25 20:21:35.085 [DEBUG] Lexer: Analizando entrada: ' fibonacci(x-2);
  }...'
2025-06-25 20:21:35.085 [DEBUG] Lexer: Transición con ' ' al estado 3, lexema actual: ' '
2025-06-25 20:21:35.085 [DEBUG] Lexer: Estado final alcanzado, tipo de token: 'space', lexema completo: ' '
2025-06-25 20:21:35.085 [DEBUG] Lexer: No hay transición con 'f', devolviendo token encontrado: ' ' (tipo: 'space')
2025-06-25 20:21:35.086 [DEBUG] Lexer: Ignorando token 'space' en línea 4, columna 21 (lexema: ' ')
2025-06-25 20:21:35.086 [DEBUG] Lexer: Analizando entrada: 'fibonacci(x-2);
  }
...'
2025-06-25 20:21:35.086 [DEBUG] Lexer: Transición con 'f' al estado 29, lexema actual: 'f'
2025-06-25 20:21:35.086 [DEBUG] Lexer: Estado final alcanzado, tipo de token: 'var_id', lexema completo: 'f'
2025-06-25 20:21:35.086 [DEBUG] Lexer: Transición con 'i' al estado 27, lexema actual: 'fi'
2025-06-25 20:21:35.086 [DEBUG] Lexer: Estado final alcanzado, tipo de token: 'var_id', lexema completo: 'fi'
2025-06-25 20:21:35.086 [DEBUG] Lexer: Transición con 'b' al estado 27, lexema actual: 'fib'
2025-06-25 20:21:35.086 [DEBUG] Lexer: Estado final alcanzado, tipo de token: 'var_id', lexema completo: 'fib'
2025-06-25 20:21:35.086 [DEBUG] Lexer: Transición con 'o' al estado 27, lexema actual: 'fibo'
2025-06-25 20:21:35.086 [DEBUG] Lexer: Estado final alcanzado, tipo de token: 'var_id', lexema completo: 'fibo'
2025-06-25 20:21:35.086 [DEBUG] Lexer: Transición con 'n' al estado 27, lexema actual: 'fibon'
2025-06-25 20:21:35.086 [DEBUG] Lexer: Estado final alcanzado, tipo de token: 'var_id', lexema completo: 'fibon'
2025-06-25 20:21:35.086 [DEBUG] Lexer: Transición con 'a' al estado 27, lexema actual: 'fibona'
2025-06-25 20:21:35.086 [DEBUG] Lexer: Estado final alcanzado, tipo de token: 'var_id', lexema completo: 'fibona'
2025-06-25 20:21:35.086 [DEBUG] Lexer: Transición con 'c' al estado 27, lexema actual: 'fibonac'
2025-06-25 20:21:35.086 [DEBUG] Lexer: Estado final alcanzado, tipo de token: 'var_id', lexema completo: 'fibonac'
2025-06-25 20:21:35.086 [DEBUG] Lexer: Transición con 'c' al estado 27, lexema actual: 'fibonacc'
2025-06-25 20:21:35.086 [DEBUG] Lexer: Estado final alcanzado, tipo de token: 'var_id', lexema completo: 'fibonacc'
2025-06-25 20:21:35.086 [DEBUG] Lexer: Transición con 'i' al estado 27, lexema actual: 'fibonacci'
2025-06-25 20:21:35.086 [DEBUG] Lexer: Estado final alcanzado, tipo de token: 'var_id', lexema completo: 'fibonacci'
2025-06-25 20:21:35.086 [DEBUG] Lexer: No hay transición con '(', devolviendo token encontrado: 'fibonacci' (tipo: 'var_id')
2025-06-25 20:21:35.086 [DEBUG] Lexer: Generando token 'var_id' en línea 4, columna 22 (lexema: 'fibonacci')
2025-06-25 20:21:35.086 [DEBUG] Lexer: Analizando entrada: '(x-2);
  }
  else {
...'
2025-06-25 20:21:35.086 [DEBUG] Lexer: Transición con '(' al estado 8, lexema actual: '('
2025-06-25 20:21:35.086 [DEBUG] Lexer: Estado final alcanzado, tipo de token: '(', lexema completo: '('
2025-06-25 20:21:35.086 [DEBUG] Lexer: No hay transición con 'x', devolviendo token encontrado: '(' (tipo: '(')
2025-06-25 20:21:35.086 [DEBUG] Lexer: Generando token '(' en línea 4, columna 31 (lexema: '(')
2025-06-25 20:21:35.086 [DEBUG] Lexer: Analizando entrada: 'x-2);
  }
  else {
 ...'
2025-06-25 20:21:35.086 [DEBUG] Lexer: Transición con 'x' al estado 27, lexema actual: 'x'
2025-06-25 20:21:35.086 [DEBUG] Lexer: Estado final alcanzado, tipo de token: 'var_id', lexema completo: 'x'
2025-06-25 20:21:35.086 [DEBUG] Lexer: No hay transición con '-', devolviendo token encontrado: 'x' (tipo: 'var_id')
2025-06-25 20:21:35.086 [DEBUG] Lexer: Generando token 'var_id' en línea 4, columna 32 (lexema: 'x')
2025-06-25 20:21:35.086 [DEBUG] Lexer: Analizando entrada: '-2);
  }
  else {
  ...'
2025-06-25 20:21:35.086 [DEBUG] Lexer: Transición con '-' al estado 13, lexema actual: '-'
2025-06-25 20:21:35.086 [DEBUG] Lexer: Estado final alcanzado, tipo de token: '-', lexema completo: '-'
2025-06-25 20:21:35.086 [DEBUG] Lexer: No hay transición con '2', devolviendo token encontrado: '-' (tipo: '-')
2025-06-25 20:21:35.086 [DEBUG] Lexer: Generando token '-' en línea 4, columna 33 (lexema: '-')
2025-06-25 20:21:35.086 [DEBUG] Lexer: Analizando entrada: '2);
  }
  else {
   ...'
2025-06-25 20:21:35.086 [DEBUG] Lexer: Transición con '2' al estado 17, lexema actual: '2'
2025-06-25 20:21:35.086 [DEBUG] Lexer: Estado final alcanzado, tipo de token: 'number', lexema completo: '2'
2025-06-25 20:21:35.086 [DEBUG] Lexer: No hay transición con ')', devolviendo token encontrado: '2' (tipo: 'number')
2025-06-25 20:21:35.086 [DEBUG] Lexer: Generando token 'number' en línea 4, columna 34 (lexema: '2')
2025-06-25 20:21:35.086 [DEBUG] Lexer: Analizando entrada: ');
  }
  else {
    ...'
2025-06-25 20:21:35.086 [DEBUG] Lexer: Transición con ')' al estado 9, lexema actual: ')'
2025-06-25 20:21:35.086 [DEBUG] Lexer: Estado final alcanzado, tipo de token: ')', lexema completo: ')'
2025-06-25 20:21:35.086 [DEBUG] Lexer: No hay transición con ';', devolviendo token encontrado: ')' (tipo: ')')
2025-06-25 20:21:35.086 [DEBUG] Lexer: Generando token ')' en línea 4, columna 35 (lexema: ')')
2025-06-25 20:21:35.086 [DEBUG] Lexer: Analizando entrada: ';
  }
  else {
    x...'
2025-06-25 20:21:35.086 [DEBUG] Lexer: Transición con ';' al estado 19, lexema actual: ';'
2025-06-25 20:21:35.086 [DEBUG] Lexer: Estado final alcanzado, tipo de token: ';', lexema completo: ';'
2025-06-25 20:21:35.086 [DEBUG] Lexer: No hay transición con '
', devolviendo token encontrado: ';' (tipo: ';')
2025-06-25 20:21:35.086 [DEBUG] Lexer: Generando token ';' en línea 4, columna 36 (lexema: ';')
2025-06-25 20:21:35.086 [DEBUG] Lexer: Analizando entrada: '
  }
  else {
    x ...'
2025-06-25 20:21:35.086 [DEBUG] Lexer: Transición con '
' al estado 2, lexema actual: '
'
2025-06-25 20:21:35.086 [DEBUG] Lexer: Estado final alcanzado, tipo de token: 'newline', lexema completo: '
'
2025-06-25 20:21:35.086 [DEBUG] Lexer: No hay transición con ' ', devolviendo token encontrado: '
' (tipo: 'newline')
2025-06-25 20:21:35.086 [DEBUG] Lexer: Ignorando token 'newline' en línea 4, columna 37 (lexema: '\n')
2025-06-25 20:21:35.086 [DEBUG] Lexer: Analizando entrada: '  }
  else {
    x =...'
2025-06-25 20:21:35.086 [DEBUG] Lexer: Transición con ' ' al estado 3, lexema actual: ' '
2025-06-25 20:21:35.086 [DEBUG] Lexer: Estado final alcanzado, tipo de token: 'space', lexema completo: ' '
2025-06-25 20:21:35.086 [DEBUG] Lexer: Transición con ' ' al estado 3, lexema actual: '  '
2025-06-25 20:21:35.086 [DEBUG] Lexer: Estado final alcanzado, tipo de token: 'space', lexema completo: '  '
2025-06-25 20:21:35.086 [DEBUG] Lexer: No hay transición con '}', devolviendo token encontrado: '  ' (tipo: 'space')
2025-06-25 20:21:35.086 [DEBUG] Lexer: Ignorando token 'space' en línea 5, columna 1 (lexema: '  ')
2025-06-25 20:21:35.086 [DEBUG] Lexer: Analizando entrada: '}
  else {
    x = 1...'
2025-06-25 20:21:35.086 [DEBUG] Lexer: Transición con '}' al estado 37, lexema actual: '}'
2025-06-25 20:21:35.086 [DEBUG] Lexer: Estado final alcanzado, tipo de token: '}', lexema completo: '}'
2025-06-25 20:21:35.086 [DEBUG] Lexer: No hay transición con '
', devolviendo token encontrado: '}' (tipo: '}')
2025-06-25 20:21:35.086 [DEBUG] Lexer: Generando token '}' en línea 5, columna 3 (lexema: '}')
2025-06-25 20:21:35.086 [DEBUG] Lexer: Analizando entrada: '
  else {
    x = 1;...'
2025-06-25 20:21:35.086 [DEBUG] Lexer: Transición con '
' al estado 2, lexema actual: '
'
2025-06-25 20:21:35.086 [DEBUG] Lexer: Estado final alcanzado, tipo de token: 'newline', lexema completo: '
'
2025-06-25 20:21:35.086 [DEBUG] Lexer: No hay transición con ' ', devolviendo token encontrado: '
' (tipo: 'newline')
2025-06-25 20:21:35.086 [DEBUG] Lexer: Ignorando token 'newline' en línea 5, columna 4 (lexema: '\n')
2025-06-25 20:21:35.086 [DEBUG] Lexer: Analizando entrada: '  else {
    x = 1;
...'
2025-06-25 20:21:35.086 [DEBUG] Lexer: Transición con ' ' al estado 3, lexema actual: ' '
2025-06-25 20:21:35.086 [DEBUG] Lexer: Estado final alcanzado, tipo de token: 'space', lexema completo: ' '
2025-06-25 20:21:35.086 [DEBUG] Lexer: Transición con ' ' al estado 3, lexema actual: '  '
2025-06-25 20:21:35.086 [DEBUG] Lexer: Estado final alcanzado, tipo de token: 'space', lexema completo: '  '
2025-06-25 20:21:35.086 [DEBUG] Lexer: No hay transición con 'e', devolviendo token encontrado: '  ' (tipo: 'space')
2025-06-25 20:21:35.086 [DEBUG] Lexer: Ignorando token 'space' en línea 6, columna 1 (lexema: '  ')
2025-06-25 20:21:35.086 [DEBUG] Lexer: Analizando entrada: 'else {
    x = 1;
  ...'
2025-06-25 20:21:35.086 [DEBUG] Lexer: Transición con 'e' al estado 28, lexema actual: 'e'
2025-06-25 20:21:35.086 [DEBUG] Lexer: Estado final alcanzado, tipo de token: 'var_id', lexema completo: 'e'
2025-06-25 20:21:35.086 [DEBUG] Lexer: Transición con 'l' al estado 72, lexema actual: 'el'
2025-06-25 20:21:35.086 [DEBUG] Lexer: Estado final alcanzado, tipo de token: 'var_id', lexema completo: 'el'
2025-06-25 20:21:35.086 [DEBUG] Lexer: Transición con 's' al estado 74, lexema actual: 'els'
2025-06-25 20:21:35.086 [DEBUG] Lexer: Estado final alcanzado, tipo de token: 'var_id', lexema completo: 'els'
2025-06-25 20:21:35.086 [DEBUG] Lexer: Transición con 'e' al estado 75, lexema actual: 'else'
2025-06-25 20:21:35.086 [DEBUG] Lexer: Estado final alcanzado, tipo de token: 'else', lexema completo: 'else'
2025-06-25 20:21:35.086 [DEBUG] Lexer: No hay transición con ' ', devolviendo token encontrado: 'else' (tipo: 'else')
2025-06-25 20:21:35.086 [DEBUG] Lexer: Generando token 'else' en línea 6, columna 3 (lexema: 'else')
2025-06-25 20:21:35.086 [DEBUG] Lexer: Analizando entrada: ' {
    x = 1;
  };
}...'
2025-06-25 20:21:35.086 [DEBUG] Lexer: Transición con ' ' al estado 3, lexema actual: ' '
2025-06-25 20:21:35.086 [DEBUG] Lexer: Estado final alcanzado, tipo de token: 'space', lexema completo: ' '
2025-06-25 20:21:35.086 [DEBUG] Lexer: No hay transición con '{', devolviendo token encontrado: ' ' (tipo: 'space')
2025-06-25 20:21:35.086 [DEBUG] Lexer: Ignorando token 'space' en línea 6, columna 7 (lexema: ' ')
2025-06-25 20:21:35.086 [DEBUG] Lexer: Analizando entrada: '{
    x = 1;
  };
}
...'
2025-06-25 20:21:35.086 [DEBUG] Lexer: Transición con '{' al estado 35, lexema actual: '{'
2025-06-25 20:21:35.086 [DEBUG] Lexer: Estado final alcanzado, tipo de token: '{', lexema completo: '{'
2025-06-25 20:21:35.086 [DEBUG] Lexer: No hay transición con '
', devolviendo token encontrado: '{' (tipo: '{')
2025-06-25 20:21:35.086 [DEBUG] Lexer: Generando token '{' en línea 6, columna 8 (lexema: '{')
2025-06-25 20:21:35.086 [DEBUG] Lexer: Analizando entrada: '
    x = 1;
  };
}
t...'
2025-06-25 20:21:35.086 [DEBUG] Lexer: Transición con '
' al estado 2, lexema actual: '
'
2025-06-25 20:21:35.086 [DEBUG] Lexer: Estado final alcanzado, tipo de token: 'newline', lexema completo: '
'
2025-06-25 20:21:35.086 [DEBUG] Lexer: No hay transición con ' ', devolviendo token encontrado: '
' (tipo: 'newline')
2025-06-25 20:21:35.086 [DEBUG] Lexer: Ignorando token 'newline' en línea 6, columna 9 (lexema: '\n')
2025-06-25 20:21:35.086 [DEBUG] Lexer: Analizando entrada: '    x = 1;
  };
}
ty...'
2025-06-25 20:21:35.086 [DEBUG] Lexer: Transición con ' ' al estado 3, lexema actual: ' '
2025-06-25 20:21:35.086 [DEBUG] Lexer: Estado final alcanzado, tipo de token: 'space', lexema completo: ' '
2025-06-25 20:21:35.086 [DEBUG] Lexer: Transición con ' ' al estado 3, lexema actual: '  '
2025-06-25 20:21:35.086 [DEBUG] Lexer: Estado final alcanzado, tipo de token: 'space', lexema completo: '  '
2025-06-25 20:21:35.086 [DEBUG] Lexer: Transición con ' ' al estado 3, lexema actual: '   '
2025-06-25 20:21:35.086 [DEBUG] Lexer: Estado final alcanzado, tipo de token: 'space', lexema completo: '   '
2025-06-25 20:21:35.086 [DEBUG] Lexer: Transición con ' ' al estado 3, lexema actual: '    '
2025-06-25 20:21:35.086 [DEBUG] Lexer: Estado final alcanzado, tipo de token: 'space', lexema completo: '    '
2025-06-25 20:21:35.086 [DEBUG] Lexer: No hay transición con 'x', devolviendo token encontrado: '    ' (tipo: 'space')
2025-06-25 20:21:35.086 [DEBUG] Lexer: Ignorando token 'space' en línea 7, columna 1 (lexema: '    ')
2025-06-25 20:21:35.086 [DEBUG] Lexer: Analizando entrada: 'x = 1;
  };
}
type P...'
2025-06-25 20:21:35.086 [DEBUG] Lexer: Transición con 'x' al estado 27, lexema actual: 'x'
2025-06-25 20:21:35.086 [DEBUG] Lexer: Estado final alcanzado, tipo de token: 'var_id', lexema completo: 'x'
2025-06-25 20:21:35.086 [DEBUG] Lexer: No hay transición con ' ', devolviendo token encontrado: 'x' (tipo: 'var_id')
2025-06-25 20:21:35.086 [DEBUG] Lexer: Generando token 'var_id' en línea 7, columna 5 (lexema: 'x')
2025-06-25 20:21:35.086 [DEBUG] Lexer: Analizando entrada: ' = 1;
  };
}
type Po...'
2025-06-25 20:21:35.086 [DEBUG] Lexer: Transición con ' ' al estado 3, lexema actual: ' '
2025-06-25 20:21:35.086 [DEBUG] Lexer: Estado final alcanzado, tipo de token: 'space', lexema completo: ' '
2025-06-25 20:21:35.086 [DEBUG] Lexer: No hay transición con '=', devolviendo token encontrado: ' ' (tipo: 'space')
2025-06-25 20:21:35.086 [DEBUG] Lexer: Ignorando token 'space' en línea 7, columna 6 (lexema: ' ')
2025-06-25 20:21:35.086 [DEBUG] Lexer: Analizando entrada: '= 1;
  };
}
type Poi...'
2025-06-25 20:21:35.086 [DEBUG] Lexer: Transición con '=' al estado 21, lexema actual: '='
2025-06-25 20:21:35.086 [DEBUG] Lexer: Estado final alcanzado, tipo de token: '=', lexema completo: '='
2025-06-25 20:21:35.086 [DEBUG] Lexer: No hay transición con ' ', devolviendo token encontrado: '=' (tipo: '=')
2025-06-25 20:21:35.086 [DEBUG] Lexer: Generando token '=' en línea 7, columna 7 (lexema: '=')
2025-06-25 20:21:35.086 [DEBUG] Lexer: Analizando entrada: ' 1;
  };
}
type Poin...'
2025-06-25 20:21:35.086 [DEBUG] Lexer: Transición con ' ' al estado 3, lexema actual: ' '
2025-06-25 20:21:35.086 [DEBUG] Lexer: Estado final alcanzado, tipo de token: 'space', lexema completo: ' '
2025-06-25 20:21:35.086 [DEBUG] Lexer: No hay transición con '1', devolviendo token encontrado: ' ' (tipo: 'space')
2025-06-25 20:21:35.086 [DEBUG] Lexer: Ignorando token 'space' en línea 7, columna 8 (lexema: ' ')
2025-06-25 20:21:35.087 [DEBUG] Lexer: Analizando entrada: '1;
  };
}
type Point...'
2025-06-25 20:21:35.087 [DEBUG] Lexer: Transición con '1' al estado 17, lexema actual: '1'
2025-06-25 20:21:35.087 [DEBUG] Lexer: Estado final alcanzado, tipo de token: 'number', lexema completo: '1'
2025-06-25 20:21:35.087 [DEBUG] Lexer: No hay transición con ';', devolviendo token encontrado: '1' (tipo: 'number')
2025-06-25 20:21:35.087 [DEBUG] Lexer: Generando token 'number' en línea 7, columna 9 (lexema: '1')
2025-06-25 20:21:35.087 [DEBUG] Lexer: Analizando entrada: ';
  };
}
type Point ...'
2025-06-25 20:21:35.087 [DEBUG] Lexer: Transición con ';' al estado 19, lexema actual: ';'
2025-06-25 20:21:35.087 [DEBUG] Lexer: Estado final alcanzado, tipo de token: ';', lexema completo: ';'
2025-06-25 20:21:35.087 [DEBUG] Lexer: No hay transición con '
', devolviendo token encontrado: ';' (tipo: ';')
2025-06-25 20:21:35.087 [DEBUG] Lexer: Generando token ';' en línea 7, columna 10 (lexema: ';')
2025-06-25 20:21:35.087 [DEBUG] Lexer: Analizando entrada: '
  };
}
type Point {...'
2025-06-25 20:21:35.087 [DEBUG] Lexer: Transición con '
' al estado 2, lexema actual: '
'
2025-06-25 20:21:35.087 [DEBUG] Lexer: Estado final alcanzado, tipo de token: 'newline', lexema completo: '
'
2025-06-25 20:21:35.087 [DEBUG] Lexer: No hay transición con ' ', devolviendo token encontrado: '
' (tipo: 'newline')
2025-06-25 20:21:35.087 [DEBUG] Lexer: Ignorando token 'newline' en línea 7, columna 11 (lexema: '\n')
2025-06-25 20:21:35.087 [DEBUG] Lexer: Analizando entrada: '  };
}
type Point {
...'
2025-06-25 20:21:35.087 [DEBUG] Lexer: Transición con ' ' al estado 3, lexema actual: ' '
2025-06-25 20:21:35.087 [DEBUG] Lexer: Estado final alcanzado, tipo de token: 'space', lexema completo: ' '
2025-06-25 20:21:35.087 [DEBUG] Lexer: Transición con ' ' al estado 3, lexema actual: '  '
2025-06-25 20:21:35.087 [DEBUG] Lexer: Estado final alcanzado, tipo de token: 'space', lexema completo: '  '
2025-06-25 20:21:35.087 [DEBUG] Lexer: No hay transición con '}', devolviendo token encontrado: '  ' (tipo: 'space')
2025-06-25 20:21:35.087 [DEBUG] Lexer: Ignorando token 'space' en línea 8, columna 1 (lexema: '  ')
2025-06-25 20:21:35.087 [DEBUG] Lexer: Analizando entrada: '};
}
type Point {
  ...'
2025-06-25 20:21:35.087 [DEBUG] Lexer: Transición con '}' al estado 37, lexema actual: '}'
2025-06-25 20:21:35.087 [DEBUG] Lexer: Estado final alcanzado, tipo de token: '}', lexema completo: '}'
2025-06-25 20:21:35.087 [DEBUG] Lexer: No hay transición con ';', devolviendo token encontrado: '}' (tipo: '}')
2025-06-25 20:21:35.087 [DEBUG] Lexer: Generando token '}' en línea 8, columna 3 (lexema: '}')
2025-06-25 20:21:35.087 [DEBUG] Lexer: Analizando entrada: ';
}
type Point {
  x...'
2025-06-25 20:21:35.087 [DEBUG] Lexer: Transición con ';' al estado 19, lexema actual: ';'
2025-06-25 20:21:35.087 [DEBUG] Lexer: Estado final alcanzado, tipo de token: ';', lexema completo: ';'
2025-06-25 20:21:35.087 [DEBUG] Lexer: No hay transición con '
', devolviendo token encontrado: ';' (tipo: ';')
2025-06-25 20:21:35.087 [DEBUG] Lexer: Generando token ';' en línea 8, columna 4 (lexema: ';')
2025-06-25 20:21:35.087 [DEBUG] Lexer: Analizando entrada: '
}
type Point {
  x ...'
2025-06-25 20:21:35.087 [DEBUG] Lexer: Transición con '
' al estado 2, lexema actual: '
'
2025-06-25 20:21:35.087 [DEBUG] Lexer: Estado final alcanzado, tipo de token: 'newline', lexema completo: '
'
2025-06-25 20:21:35.087 [DEBUG] Lexer: No hay transición con '}', devolviendo token encontrado: '
' (tipo: 'newline')
2025-06-25 20:21:35.087 [DEBUG] Lexer: Ignorando token 'newline' en línea 8, columna 5 (lexema: '\n')
2025-06-25 20:21:35.087 [DEBUG] Lexer: Analizando entrada: '}
type Point {
  x =...'
2025-06-25 20:21:35.087 [DEBUG] Lexer: Transición con '}' al estado 37, lexema actual: '}'
2025-06-25 20:21:35.087 [DEBUG] Lexer: Estado final alcanzado, tipo de token: '}', lexema completo: '}'
2025-06-25 20:21:35.087 [DEBUG] Lexer: No hay transición con '
', devolviendo token encontrado: '}' (tipo: '}')
2025-06-25 20:21:35.087 [DEBUG] Lexer: Generando token '}' en línea 9, columna 1 (lexema: '}')
2025-06-25 20:21:35.087 [DEBUG] Lexer: Analizando entrada: '
type Point {
  x = ...'
2025-06-25 20:21:35.087 [DEBUG] Lexer: Transición con '
' al estado 2, lexema actual: '
'
2025-06-25 20:21:35.087 [DEBUG] Lexer: Estado final alcanzado, tipo de token: 'newline', lexema completo: '
'
2025-06-25 20:21:35.087 [DEBUG] Lexer: No hay transición con 't', devolviendo token encontrado: '
' (tipo: 'newline')
2025-06-25 20:21:35.087 [DEBUG] Lexer: Ignorando token 'newline' en línea 9, columna 2 (lexema: '\n')
2025-06-25 20:21:35.087 [DEBUG] Lexer: Analizando entrada: 'type Point {
  x = 3...'
2025-06-25 20:21:35.087 [DEBUG] Lexer: Transición con 't' al estado 33, lexema actual: 't'
2025-06-25 20:21:35.087 [DEBUG] Lexer: Estado final alcanzado, tipo de token: 'var_id', lexema completo: 't'
2025-06-25 20:21:35.087 [DEBUG] Lexer: Transición con 'y' al estado 43, lexema actual: 'ty'
2025-06-25 20:21:35.087 [DEBUG] Lexer: Estado final alcanzado, tipo de token: 'var_id', lexema completo: 'ty'
2025-06-25 20:21:35.087 [DEBUG] Lexer: Transición con 'p' al estado 44, lexema actual: 'typ'
2025-06-25 20:21:35.087 [DEBUG] Lexer: Estado final alcanzado, tipo de token: 'var_id', lexema completo: 'typ'
2025-06-25 20:21:35.087 [DEBUG] Lexer: Transición con 'e' al estado 45, lexema actual: 'type'
2025-06-25 20:21:35.087 [DEBUG] Lexer: Estado final alcanzado, tipo de token: 'type', lexema completo: 'type'
2025-06-25 20:21:35.087 [DEBUG] Lexer: No hay transición con ' ', devolviendo token encontrado: 'type' (tipo: 'type')
2025-06-25 20:21:35.087 [DEBUG] Lexer: Generando token 'type' en línea 10, columna 1 (lexema: 'type')
2025-06-25 20:21:35.087 [DEBUG] Lexer: Analizando entrada: ' Point {
  x = 3;
}
...'
2025-06-25 20:21:35.087 [DEBUG] Lexer: Transición con ' ' al estado 3, lexema actual: ' '
2025-06-25 20:21:35.087 [DEBUG] Lexer: Estado final alcanzado, tipo de token: 'space', lexema completo: ' '
2025-06-25 20:21:35.087 [DEBUG] Lexer: No hay transición con 'P', devolviendo token encontrado: ' ' (tipo: 'space')
2025-06-25 20:21:35.087 [DEBUG] Lexer: Ignorando token 'space' en línea 10, columna 5 (lexema: ' ')
2025-06-25 20:21:35.087 [DEBUG] Lexer: Analizando entrada: 'Point {
  x = 3;
}
t...'
2025-06-25 20:21:35.087 [DEBUG] Lexer: Transición con 'P' al estado 24, lexema actual: 'P'
2025-06-25 20:21:35.087 [DEBUG] Lexer: Estado final alcanzado, tipo de token: 'type_id', lexema completo: 'P'
2025-06-25 20:21:35.087 [DEBUG] Lexer: Transición con 'o' al estado 24, lexema actual: 'Po'
2025-06-25 20:21:35.087 [DEBUG] Lexer: Estado final alcanzado, tipo de token: 'type_id', lexema completo: 'Po'
2025-06-25 20:21:35.087 [DEBUG] Lexer: Transición con 'i' al estado 24, lexema actual: 'Poi'
2025-06-25 20:21:35.087 [DEBUG] Lexer: Estado final alcanzado, tipo de token: 'type_id', lexema completo: 'Poi'
2025-06-25 20:21:35.087 [DEBUG] Lexer: Transición con 'n' al estado 24, lexema actual: 'Poin'
2025-06-25 20:21:35.087 [DEBUG] Lexer: Estado final alcanzado, tipo de token: 'type_id', lexema completo: 'Poin'
2025-06-25 20:21:35.087 [DEBUG] Lexer: Transición con 't' al estado 24, lexema actual: 'Point'
2025-06-25 20:21:35.087 [DEBUG] Lexer: Estado final alcanzado, tipo de token: 'type_id', lexema completo: 'Point'
2025-06-25 20:21:35.087 [DEBUG] Lexer: No hay transición con ' ', devolviendo token encontrado: 'Point' (tipo: 'type_id')
2025-06-25 20:21:35.087 [DEBUG] Lexer: Generando token 'type_id' en línea 10, columna 6 (lexema: 'Point')
2025-06-25 20:21:35.087 [DEBUG] Lexer: Analizando entrada: ' {
  x = 3;
}
type O...'
2025-06-25 20:21:35.087 [DEBUG] Lexer: Transición con ' ' al estado 3, lexema actual: ' '
2025-06-25 20:21:35.087 [DEBUG] Lexer: Estado final alcanzado, tipo de token: 'space', lexema completo: ' '
2025-06-25 20:21:35.087 [DEBUG] Lexer: No hay transición con '{', devolviendo token encontrado: ' ' (tipo: 'space')
2025-06-25 20:21:35.087 [DEBUG] Lexer: Ignorando token 'space' en línea 10, columna 11 (lexema: ' ')
2025-06-25 20:21:35.087 [DEBUG] Lexer: Analizando entrada: '{
  x = 3;
}
type Ot...'
2025-06-25 20:21:35.087 [DEBUG] Lexer: Transición con '{' al estado 35, lexema actual: '{'
2025-06-25 20:21:35.087 [DEBUG] Lexer: Estado final alcanzado, tipo de token: '{', lexema completo: '{'
2025-06-25 20:21:35.087 [DEBUG] Lexer: No hay transición con '
', devolviendo token encontrado: '{' (tipo: '{')
2025-06-25 20:21:35.087 [DEBUG] Lexer: Generando token '{' en línea 10, columna 12 (lexema: '{')
2025-06-25 20:21:35.087 [DEBUG] Lexer: Analizando entrada: '
  x = 3;
}
type Otr...'
2025-06-25 20:21:35.087 [DEBUG] Lexer: Transición con '
' al estado 2, lexema actual: '
'
2025-06-25 20:21:35.087 [DEBUG] Lexer: Estado final alcanzado, tipo de token: 'newline', lexema completo: '
'
2025-06-25 20:21:35.087 [DEBUG] Lexer: No hay transición con ' ', devolviendo token encontrado: '
' (tipo: 'newline')
2025-06-25 20:21:35.087 [DEBUG] Lexer: Ignorando token 'newline' en línea 10, columna 13 (lexema: '\n')
2025-06-25 20:21:35.087 [DEBUG] Lexer: Analizando entrada: '  x = 3;
}
type Otro...'
2025-06-25 20:21:35.087 [DEBUG] Lexer: Transición con ' ' al estado 3, lexema actual: ' '
2025-06-25 20:21:35.087 [DEBUG] Lexer: Estado final alcanzado, tipo de token: 'space', lexema completo: ' '
2025-06-25 20:21:35.087 [DEBUG] Lexer: Transición con ' ' al estado 3, lexema actual: '  '
2025-06-25 20:21:35.087 [DEBUG] Lexer: Estado final alcanzado, tipo de token: 'space', lexema completo: '  '
2025-06-25 20:21:35.087 [DEBUG] Lexer: No hay transición con 'x', devolviendo token encontrado: '  ' (tipo: 'space')
2025-06-25 20:21:35.087 [DEBUG] Lexer: Ignorando token 'space' en línea 11, columna 1 (lexema: '  ')
2025-06-25 20:21:35.087 [DEBUG] Lexer: Analizando entrada: 'x = 3;
}
type OtroTy...'
2025-06-25 20:21:35.087 [DEBUG] Lexer: Transición con 'x' al estado 27, lexema actual: 'x'
2025-06-25 20:21:35.087 [DEBUG] Lexer: Estado final alcanzado, tipo de token: 'var_id', lexema completo: 'x'
2025-06-25 20:21:35.087 [DEBUG] Lexer: No hay transición con ' ', devolviendo token encontrado: 'x' (tipo: 'var_id')
2025-06-25 20:21:35.087 [DEBUG] Lexer: Generando token 'var_id' en línea 11, columna 3 (lexema: 'x')
2025-06-25 20:21:35.087 [DEBUG] Lexer: Analizando entrada: ' = 3;
}
type OtroTyp...'
2025-06-25 20:21:35.087 [DEBUG] Lexer: Transición con ' ' al estado 3, lexema actual: ' '
2025-06-25 20:21:35.087 [DEBUG] Lexer: Estado final alcanzado, tipo de token: 'space', lexema completo: ' '
2025-06-25 20:21:35.087 [DEBUG] Lexer: No hay transición con '=', devolviendo token encontrado: ' ' (tipo: 'space')
2025-06-25 20:21:35.087 [DEBUG] Lexer: Ignorando token 'space' en línea 11, columna 4 (lexema: ' ')
2025-06-25 20:21:35.087 [DEBUG] Lexer: Analizando entrada: '= 3;
}
type OtroType...'
2025-06-25 20:21:35.087 [DEBUG] Lexer: Transición con '=' al estado 21, lexema actual: '='
2025-06-25 20:21:35.087 [DEBUG] Lexer: Estado final alcanzado, tipo de token: '=', lexema completo: '='
2025-06-25 20:21:35.087 [DEBUG] Lexer: No hay transición con ' ', devolviendo token encontrado: '=' (tipo: '=')
2025-06-25 20:21:35.087 [DEBUG] Lexer: Generando token '=' en línea 11, columna 5 (lexema: '=')
2025-06-25 20:21:35.087 [DEBUG] Lexer: Analizando entrada: ' 3;
}
type OtroType ...'
2025-06-25 20:21:35.087 [DEBUG] Lexer: Transición con ' ' al estado 3, lexema actual: ' '
2025-06-25 20:21:35.087 [DEBUG] Lexer: Estado final alcanzado, tipo de token: 'space', lexema completo: ' '
2025-06-25 20:21:35.087 [DEBUG] Lexer: No hay transición con '3', devolviendo token encontrado: ' ' (tipo: 'space')
2025-06-25 20:21:35.087 [DEBUG] Lexer: Ignorando token 'space' en línea 11, columna 6 (lexema: ' ')
2025-06-25 20:21:35.087 [DEBUG] Lexer: Analizando entrada: '3;
}
type OtroType {...'
2025-06-25 20:21:35.087 [DEBUG] Lexer: Transición con '3' al estado 17, lexema actual: '3'
2025-06-25 20:21:35.087 [DEBUG] Lexer: Estado final alcanzado, tipo de token: 'number', lexema completo: '3'
2025-06-25 20:21:35.087 [DEBUG] Lexer: No hay transición con ';', devolviendo token encontrado: '3' (tipo: 'number')
2025-06-25 20:21:35.087 [DEBUG] Lexer: Generando token 'number' en línea 11, columna 7 (lexema: '3')
2025-06-25 20:21:35.087 [DEBUG] Lexer: Analizando entrada: ';
}
type OtroType {
...'
2025-06-25 20:21:35.087 [DEBUG] Lexer: Transición con ';' al estado 19, lexema actual: ';'
2025-06-25 20:21:35.087 [DEBUG] Lexer: Estado final alcanzado, tipo de token: ';', lexema completo: ';'
2025-06-25 20:21:35.087 [DEBUG] Lexer: No hay transición con '
', devolviendo token encontrado: ';' (tipo: ';')
2025-06-25 20:21:35.087 [DEBUG] Lexer: Generando token ';' en línea 11, columna 8 (lexema: ';')
2025-06-25 20:21:35.087 [DEBUG] Lexer: Analizando entrada: '
}
type OtroType {
 ...'
2025-06-25 20:21:35.087 [DEBUG] Lexer: Transición con '
' al estado 2, lexema actual: '
'
2025-06-25 20:21:35.087 [DEBUG] Lexer: Estado final alcanzado, tipo de token: 'newline', lexema completo: '
'
2025-06-25 20:21:35.087 [DEBUG] Lexer: No hay transición con '}', devolviendo token encontrado: '
' (tipo: 'newline')
2025-06-25 20:21:35.087 [DEBUG] Lexer: Ignorando token 'newline' en línea 11, columna 9 (lexema: '\n')
2025-06-25 20:21:35.087 [DEBUG] Lexer: Analizando entrada: '}
type OtroType {
  ...'
2025-06-25 20:21:35.087 [DEBUG] Lexer: Transición con '}' al estado 37, lexema actual: '}'
2025-06-25 20:21:35.087 [DEBUG] Lexer: Estado final alcanzado, tipo de token: '}', lexema completo: '}'
2025-06-25 20:21:35.087 [DEBUG] Lexer: No hay transición con '
', devolviendo token encontrado: '}' (tipo: '}')
2025-06-25 20:21:35.087 [DEBUG] Lexer: Generando token '}' en línea 12, columna 1 (lexema: '}')
2025-06-25 20:21:35.087 [DEBUG] Lexer: Analizando entrada: '
type OtroType {
  y...'
2025-06-25 20:21:35.087 [DEBUG] Lexer: Transición con '
' al estado 2, lexema actual: '
'
2025-06-25 20:21:35.087 [DEBUG] Lexer: Estado final alcanzado, tipo de token: 'newline', lexema completo: '
'
2025-06-25 20:21:35.087 [DEBUG] Lexer: No hay transición con 't', devolviendo token encontrado: '
' (tipo: 'newline')
2025-06-25 20:21:35.087 [DEBUG] Lexer: Ignorando token 'newline' en línea 12, columna 2 (lexema: '\n')
2025-06-25 20:21:35.087 [DEBUG] Lexer: Analizando entrada: 'type OtroType {
  y ...'
2025-06-25 20:21:35.087 [DEBUG] Lexer: Transición con 't' al estado 33, lexema actual: 't'
2025-06-25 20:21:35.087 [DEBUG] Lexer: Estado final alcanzado, tipo de token: 'var_id', lexema completo: 't'
2025-06-25 20:21:35.087 [DEBUG] Lexer: Transición con 'y' al estado 43, lexema actual: 'ty'
2025-06-25 20:21:35.087 [DEBUG] Lexer: Estado final alcanzado, tipo de token: 'var_id', lexema completo: 'ty'
2025-06-25 20:21:35.087 [DEBUG] Lexer: Transición con 'p' al estado 44, lexema actual: 'typ'
2025-06-25 20:21:35.088 [DEBUG] Lexer: Estado final alcanzado, tipo de token: 'var_id', lexema completo: 'typ'
2025-06-25 20:21:35.088 [DEBUG] Lexer: Transición con 'e' al estado 45, lexema actual: 'type'
2025-06-25 20:21:35.088 [DEBUG] Lexer: Estado final alcanzado, tipo de token: 'type', lexema completo: 'type'
2025-06-25 20:21:35.088 [DEBUG] Lexer: No hay transición con ' ', devolviendo token encontrado: 'type' (tipo: 'type')
2025-06-25 20:21:35.088 [DEBUG] Lexer: Generando token 'type' en línea 13, columna 1 (lexema: 'type')
2025-06-25 20:21:35.088 [DEBUG] Lexer: Analizando entrada: ' OtroType {
  y = "2...'
2025-06-25 20:21:35.088 [DEBUG] Lexer: Transición con ' ' al estado 3, lexema actual: ' '
2025-06-25 20:21:35.088 [DEBUG] Lexer: Estado final alcanzado, tipo de token: 'space', lexema completo: ' '
2025-06-25 20:21:35.088 [DEBUG] Lexer: No hay transición con 'O', devolviendo token encontrado: ' ' (tipo: 'space')
2025-06-25 20:21:35.088 [DEBUG] Lexer: Ignorando token 'space' en línea 13, columna 5 (lexema: ' ')
2025-06-25 20:21:35.088 [DEBUG] Lexer: Analizando entrada: 'OtroType {
  y = "25...'
2025-06-25 20:21:35.088 [DEBUG] Lexer: Transición con 'O' al estado 24, lexema actual: 'O'
2025-06-25 20:21:35.088 [DEBUG] Lexer: Estado final alcanzado, tipo de token: 'type_id', lexema completo: 'O'
2025-06-25 20:21:35.088 [DEBUG] Lexer: Transición con 't' al estado 24, lexema actual: 'Ot'
2025-06-25 20:21:35.088 [DEBUG] Lexer: Estado final alcanzado, tipo de token: 'type_id', lexema completo: 'Ot'
2025-06-25 20:21:35.088 [DEBUG] Lexer: Transición con 'r' al estado 24, lexema actual: 'Otr'
2025-06-25 20:21:35.088 [DEBUG] Lexer: Estado final alcanzado, tipo de token: 'type_id', lexema completo: 'Otr'
2025-06-25 20:21:35.088 [DEBUG] Lexer: Transición con 'o' al estado 24, lexema actual: 'Otro'
2025-06-25 20:21:35.088 [DEBUG] Lexer: Estado final alcanzado, tipo de token: 'type_id', lexema completo: 'Otro'
2025-06-25 20:21:35.088 [DEBUG] Lexer: Transición con 'T' al estado 24, lexema actual: 'OtroT'
2025-06-25 20:21:35.088 [DEBUG] Lexer: Estado final alcanzado, tipo de token: 'type_id', lexema completo: 'OtroT'
2025-06-25 20:21:35.088 [DEBUG] Lexer: Transición con 'y' al estado 24, lexema actual: 'OtroTy'
2025-06-25 20:21:35.088 [DEBUG] Lexer: Estado final alcanzado, tipo de token: 'type_id', lexema completo: 'OtroTy'
2025-06-25 20:21:35.088 [DEBUG] Lexer: Transición con 'p' al estado 24, lexema actual: 'OtroTyp'
2025-06-25 20:21:35.088 [DEBUG] Lexer: Estado final alcanzado, tipo de token: 'type_id', lexema completo: 'OtroTyp'
2025-06-25 20:21:35.088 [DEBUG] Lexer: Transición con 'e' al estado 24, lexema actual: 'OtroType'
2025-06-25 20:21:35.088 [DEBUG] Lexer: Estado final alcanzado, tipo de token: 'type_id', lexema completo: 'OtroType'
2025-06-25 20:21:35.088 [DEBUG] Lexer: No hay transición con ' ', devolviendo token encontrado: 'OtroType' (tipo: 'type_id')
2025-06-25 20:21:35.088 [DEBUG] Lexer: Generando token 'type_id' en línea 13, columna 6 (lexema: 'OtroType')
2025-06-25 20:21:35.088 [DEBUG] Lexer: Analizando entrada: ' {
  y = "25";
}
{
 ...'
2025-06-25 20:21:35.088 [DEBUG] Lexer: Transición con ' ' al estado 3, lexema actual: ' '
2025-06-25 20:21:35.088 [DEBUG] Lexer: Estado final alcanzado, tipo de token: 'space', lexema completo: ' '
2025-06-25 20:21:35.088 [DEBUG] Lexer: No hay transición con '{', devolviendo token encontrado: ' ' (tipo: 'space')
2025-06-25 20:21:35.088 [DEBUG] Lexer: Ignorando token 'space' en línea 13, columna 14 (lexema: ' ')
2025-06-25 20:21:35.088 [DEBUG] Lexer: Analizando entrada: '{
  y = "25";
}
{
  ...'
2025-06-25 20:21:35.088 [DEBUG] Lexer: Transición con '{' al estado 35, lexema actual: '{'
2025-06-25 20:21:35.088 [DEBUG] Lexer: Estado final alcanzado, tipo de token: '{', lexema completo: '{'
2025-06-25 20:21:35.088 [DEBUG] Lexer: No hay transición con '
', devolviendo token encontrado: '{' (tipo: '{')
2025-06-25 20:21:35.088 [DEBUG] Lexer: Generando token '{' en línea 13, columna 15 (lexema: '{')
2025-06-25 20:21:35.088 [DEBUG] Lexer: Analizando entrada: '
  y = "25";
}
{
  f...'
2025-06-25 20:21:35.088 [DEBUG] Lexer: Transición con '
' al estado 2, lexema actual: '
'
2025-06-25 20:21:35.088 [DEBUG] Lexer: Estado final alcanzado, tipo de token: 'newline', lexema completo: '
'
2025-06-25 20:21:35.088 [DEBUG] Lexer: No hay transición con ' ', devolviendo token encontrado: '
' (tipo: 'newline')
2025-06-25 20:21:35.088 [DEBUG] Lexer: Ignorando token 'newline' en línea 13, columna 16 (lexema: '\n')
2025-06-25 20:21:35.088 [DEBUG] Lexer: Analizando entrada: '  y = "25";
}
{
  fu...'
2025-06-25 20:21:35.088 [DEBUG] Lexer: Transición con ' ' al estado 3, lexema actual: ' '
2025-06-25 20:21:35.088 [DEBUG] Lexer: Estado final alcanzado, tipo de token: 'space', lexema completo: ' '
2025-06-25 20:21:35.088 [DEBUG] Lexer: Transición con ' ' al estado 3, lexema actual: '  '
2025-06-25 20:21:35.088 [DEBUG] Lexer: Estado final alcanzado, tipo de token: 'space', lexema completo: '  '
2025-06-25 20:21:35.088 [DEBUG] Lexer: No hay transición con 'y', devolviendo token encontrado: '  ' (tipo: 'space')
2025-06-25 20:21:35.088 [DEBUG] Lexer: Ignorando token 'space' en línea 14, columna 1 (lexema: '  ')
2025-06-25 20:21:35.088 [DEBUG] Lexer: Analizando entrada: 'y = "25";
}
{
  func...'
2025-06-25 20:21:35.088 [DEBUG] Lexer: Transición con 'y' al estado 27, lexema actual: 'y'
2025-06-25 20:21:35.088 [DEBUG] Lexer: Estado final alcanzado, tipo de token: 'var_id', lexema completo: 'y'
2025-06-25 20:21:35.088 [DEBUG] Lexer: No hay transición con ' ', devolviendo token encontrado: 'y' (tipo: 'var_id')
2025-06-25 20:21:35.088 [DEBUG] Lexer: Generando token 'var_id' en línea 14, columna 3 (lexema: 'y')
2025-06-25 20:21:35.088 [DEBUG] Lexer: Analizando entrada: ' = "25";
}
{
  funct...'
2025-06-25 20:21:35.088 [DEBUG] Lexer: Transición con ' ' al estado 3, lexema actual: ' '
2025-06-25 20:21:35.088 [DEBUG] Lexer: Estado final alcanzado, tipo de token: 'space', lexema completo: ' '
2025-06-25 20:21:35.088 [DEBUG] Lexer: No hay transición con '=', devolviendo token encontrado: ' ' (tipo: 'space')
2025-06-25 20:21:35.088 [DEBUG] Lexer: Ignorando token 'space' en línea 14, columna 4 (lexema: ' ')
2025-06-25 20:21:35.088 [DEBUG] Lexer: Analizando entrada: '= "25";
}
{
  functi...'
2025-06-25 20:21:35.088 [DEBUG] Lexer: Transición con '=' al estado 21, lexema actual: '='
2025-06-25 20:21:35.088 [DEBUG] Lexer: Estado final alcanzado, tipo de token: '=', lexema completo: '='
2025-06-25 20:21:35.088 [DEBUG] Lexer: No hay transición con ' ', devolviendo token encontrado: '=' (tipo: '=')
2025-06-25 20:21:35.088 [DEBUG] Lexer: Generando token '=' en línea 14, columna 5 (lexema: '=')
2025-06-25 20:21:35.088 [DEBUG] Lexer: Analizando entrada: ' "25";
}
{
  functio...'
2025-06-25 20:21:35.088 [DEBUG] Lexer: Transición con ' ' al estado 3, lexema actual: ' '
2025-06-25 20:21:35.088 [DEBUG] Lexer: Estado final alcanzado, tipo de token: 'space', lexema completo: ' '
2025-06-25 20:21:35.088 [DEBUG] Lexer: No hay transición con '"', devolviendo token encontrado: ' ' (tipo: 'space')
2025-06-25 20:21:35.088 [DEBUG] Lexer: Ignorando token 'space' en línea 14, columna 6 (lexema: ' ')
2025-06-25 20:21:35.088 [DEBUG] Lexer: Analizando entrada: '"25";
}
{
  function...'
2025-06-25 20:21:35.088 [DEBUG] Lexer: Transición con '"' al estado 5, lexema actual: '"'
2025-06-25 20:21:35.088 [DEBUG] Lexer: Transición con '2' al estado 5, lexema actual: '"2'
2025-06-25 20:21:35.088 [DEBUG] Lexer: Transición con '5' al estado 5, lexema actual: '"25'
2025-06-25 20:21:35.088 [DEBUG] Lexer: Transición con '"' al estado 86, lexema actual: '"25"'
2025-06-25 20:21:35.088 [DEBUG] Lexer: Estado final alcanzado, tipo de token: 'string', lexema completo: '"25"'
2025-06-25 20:21:35.088 [DEBUG] Lexer: No hay transición con ';', devolviendo token encontrado: '"25"' (tipo: 'string')
2025-06-25 20:21:35.088 [DEBUG] Lexer: Generando token 'string' en línea 14, columna 7 (lexema: '"25"')
2025-06-25 20:21:35.088 [DEBUG] Lexer: Analizando entrada: ';
}
{
  function fib...'
2025-06-25 20:21:35.088 [DEBUG] Lexer: Transición con ';' al estado 19, lexema actual: ';'
2025-06-25 20:21:35.088 [DEBUG] Lexer: Estado final alcanzado, tipo de token: ';', lexema completo: ';'
2025-06-25 20:21:35.088 [DEBUG] Lexer: No hay transición con '
', devolviendo token encontrado: ';' (tipo: ';')
2025-06-25 20:21:35.088 [DEBUG] Lexer: Generando token ';' en línea 14, columna 11 (lexema: ';')
2025-06-25 20:21:35.088 [DEBUG] Lexer: Analizando entrada: '
}
{
  function fibo...'
2025-06-25 20:21:35.088 [DEBUG] Lexer: Transición con '
' al estado 2, lexema actual: '
'
2025-06-25 20:21:35.088 [DEBUG] Lexer: Estado final alcanzado, tipo de token: 'newline', lexema completo: '
'
2025-06-25 20:21:35.088 [DEBUG] Lexer: No hay transición con '}', devolviendo token encontrado: '
' (tipo: 'newline')
2025-06-25 20:21:35.088 [DEBUG] Lexer: Ignorando token 'newline' en línea 14, columna 12 (lexema: '\n')
2025-06-25 20:21:35.088 [DEBUG] Lexer: Analizando entrada: '}
{
  function fibon...'
2025-06-25 20:21:35.088 [DEBUG] Lexer: Transición con '}' al estado 37, lexema actual: '}'
2025-06-25 20:21:35.088 [DEBUG] Lexer: Estado final alcanzado, tipo de token: '}', lexema completo: '}'
2025-06-25 20:21:35.088 [DEBUG] Lexer: No hay transición con '
', devolviendo token encontrado: '}' (tipo: '}')
2025-06-25 20:21:35.088 [DEBUG] Lexer: Generando token '}' en línea 15, columna 1 (lexema: '}')
2025-06-25 20:21:35.088 [DEBUG] Lexer: Analizando entrada: '
{
  function fibona...'
2025-06-25 20:21:35.088 [DEBUG] Lexer: Transición con '
' al estado 2, lexema actual: '
'
2025-06-25 20:21:35.088 [DEBUG] Lexer: Estado final alcanzado, tipo de token: 'newline', lexema completo: '
'
2025-06-25 20:21:35.088 [DEBUG] Lexer: No hay transición con '{', devolviendo token encontrado: '
' (tipo: 'newline')
2025-06-25 20:21:35.088 [DEBUG] Lexer: Ignorando token 'newline' en línea 15, columna 2 (lexema: '\n')
2025-06-25 20:21:35.088 [DEBUG] Lexer: Analizando entrada: '{
  function fibonac...'
2025-06-25 20:21:35.088 [DEBUG] Lexer: Transición con '{' al estado 35, lexema actual: '{'
2025-06-25 20:21:35.088 [DEBUG] Lexer: Estado final alcanzado, tipo de token: '{', lexema completo: '{'
2025-06-25 20:21:35.088 [DEBUG] Lexer: No hay transición con '
', devolviendo token encontrado: '{' (tipo: '{')
2025-06-25 20:21:35.088 [DEBUG] Lexer: Generando token '{' en línea 16, columna 1 (lexema: '{')
2025-06-25 20:21:35.088 [DEBUG] Lexer: Analizando entrada: '
  function fibonacc...'
2025-06-25 20:21:35.088 [DEBUG] Lexer: Transición con '
' al estado 2, lexema actual: '
'
2025-06-25 20:21:35.088 [DEBUG] Lexer: Estado final alcanzado, tipo de token: 'newline', lexema completo: '
'
2025-06-25 20:21:35.088 [DEBUG] Lexer: No hay transición con ' ', devolviendo token encontrado: '
' (tipo: 'newline')
2025-06-25 20:21:35.088 [DEBUG] Lexer: Ignorando token 'newline' en línea 16, columna 2 (lexema: '\n')
2025-06-25 20:21:35.088 [DEBUG] Lexer: Analizando entrada: '  function fibonacci...'
2025-06-25 20:21:35.088 [DEBUG] Lexer: Transición con ' ' al estado 3, lexema actual: ' '
2025-06-25 20:21:35.088 [DEBUG] Lexer: Estado final alcanzado, tipo de token: 'space', lexema completo: ' '
2025-06-25 20:21:35.088 [DEBUG] Lexer: Transición con ' ' al estado 3, lexema actual: '  '
2025-06-25 20:21:35.088 [DEBUG] Lexer: Estado final alcanzado, tipo de token: 'space', lexema completo: '  '
2025-06-25 20:21:35.088 [DEBUG] Lexer: No hay transición con 'f', devolviendo token encontrado: '  ' (tipo: 'space')
2025-06-25 20:21:35.088 [DEBUG] Lexer: Ignorando token 'space' en línea 17, columna 1 (lexema: '  ')
2025-06-25 20:21:35.088 [DEBUG] Lexer: Analizando entrada: 'function fibonacci( ...'
2025-06-25 20:21:35.088 [DEBUG] Lexer: Transición con 'f' al estado 29, lexema actual: 'f'
2025-06-25 20:21:35.088 [DEBUG] Lexer: Estado final alcanzado, tipo de token: 'var_id', lexema completo: 'f'
2025-06-25 20:21:35.088 [DEBUG] Lexer: Transición con 'u' al estado 63, lexema actual: 'fu'
2025-06-25 20:21:35.088 [DEBUG] Lexer: Estado final alcanzado, tipo de token: 'var_id', lexema completo: 'fu'
2025-06-25 20:21:35.088 [DEBUG] Lexer: Transición con 'n' al estado 64, lexema actual: 'fun'
2025-06-25 20:21:35.088 [DEBUG] Lexer: Estado final alcanzado, tipo de token: 'var_id', lexema completo: 'fun'
2025-06-25 20:21:35.088 [DEBUG] Lexer: Transición con 'c' al estado 65, lexema actual: 'func'
2025-06-25 20:21:35.088 [DEBUG] Lexer: Estado final alcanzado, tipo de token: 'var_id', lexema completo: 'func'
2025-06-25 20:21:35.088 [DEBUG] Lexer: Transición con 't' al estado 66, lexema actual: 'funct'
2025-06-25 20:21:35.088 [DEBUG] Lexer: Estado final alcanzado, tipo de token: 'var_id', lexema completo: 'funct'
2025-06-25 20:21:35.088 [DEBUG] Lexer: Transición con 'i' al estado 67, lexema actual: 'functi'
2025-06-25 20:21:35.088 [DEBUG] Lexer: Estado final alcanzado, tipo de token: 'var_id', lexema completo: 'functi'
2025-06-25 20:21:35.088 [DEBUG] Lexer: Transición con 'o' al estado 68, lexema actual: 'functio'
2025-06-25 20:21:35.088 [DEBUG] Lexer: Estado final alcanzado, tipo de token: 'var_id', lexema completo: 'functio'
2025-06-25 20:21:35.088 [DEBUG] Lexer: Transición con 'n' al estado 69, lexema actual: 'function'
2025-06-25 20:21:35.088 [DEBUG] Lexer: Estado final alcanzado, tipo de token: 'function', lexema completo: 'function'
2025-06-25 20:21:35.088 [DEBUG] Lexer: No hay transición con ' ', devolviendo token encontrado: 'function' (tipo: 'function')
2025-06-25 20:21:35.088 [DEBUG] Lexer: Generando token 'function' en línea 17, columna 3 (lexema: 'function')
2025-06-25 20:21:35.088 [DEBUG] Lexer: Analizando entrada: ' fibonacci( x : Int)...'
2025-06-25 20:21:35.088 [DEBUG] Lexer: Transición con ' ' al estado 3, lexema actual: ' '
2025-06-25 20:21:35.088 [DEBUG] Lexer: Estado final alcanzado, tipo de token: 'space', lexema completo: ' '
2025-06-25 20:21:35.088 [DEBUG] Lexer: No hay transición con 'f', devolviendo token encontrado: ' ' (tipo: 'space')
2025-06-25 20:21:35.088 [DEBUG] Lexer: Ignorando token 'space' en línea 17, columna 11 (lexema: ' ')
2025-06-25 20:21:35.088 [DEBUG] Lexer: Analizando entrada: 'fibonacci( x : Int) ...'
2025-06-25 20:21:35.089 [DEBUG] Lexer: Transición con 'f' al estado 29, lexema actual: 'f'
2025-06-25 20:21:35.089 [DEBUG] Lexer: Estado final alcanzado, tipo de token: 'var_id', lexema completo: 'f'
2025-06-25 20:21:35.089 [DEBUG] Lexer: Transición con 'i' al estado 27, lexema actual: 'fi'
2025-06-25 20:21:35.089 [DEBUG] Lexer: Estado final alcanzado, tipo de token: 'var_id', lexema completo: 'fi'
2025-06-25 20:21:35.089 [DEBUG] Lexer: Transición con 'b' al estado 27, lexema actual: 'fib'
2025-06-25 20:21:35.089 [DEBUG] Lexer: Estado final alcanzado, tipo de token: 'var_id', lexema completo: 'fib'
2025-06-25 20:21:35.089 [DEBUG] Lexer: Transición con 'o' al estado 27, lexema actual: 'fibo'
2025-06-25 20:21:35.089 [DEBUG] Lexer: Estado final alcanzado, tipo de token: 'var_id', lexema completo: 'fibo'
2025-06-25 20:21:35.089 [DEBUG] Lexer: Transición con 'n' al estado 27, lexema actual: 'fibon'
2025-06-25 20:21:35.089 [DEBUG] Lexer: Estado final alcanzado, tipo de token: 'var_id', lexema completo: 'fibon'
2025-06-25 20:21:35.089 [DEBUG] Lexer: Transición con 'a' al estado 27, lexema actual: 'fibona'
2025-06-25 20:21:35.089 [DEBUG] Lexer: Estado final alcanzado, tipo de token: 'var_id', lexema completo: 'fibona'
2025-06-25 20:21:35.089 [DEBUG] Lexer: Transición con 'c' al estado 27, lexema actual: 'fibonac'
2025-06-25 20:21:35.089 [DEBUG] Lexer: Estado final alcanzado, tipo de token: 'var_id', lexema completo: 'fibonac'
2025-06-25 20:21:35.089 [DEBUG] Lexer: Transición con 'c' al estado 27, lexema actual: 'fibonacc'
2025-06-25 20:21:35.089 [DEBUG] Lexer: Estado final alcanzado, tipo de token: 'var_id', lexema completo: 'fibonacc'
2025-06-25 20:21:35.089 [DEBUG] Lexer: Transición con 'i' al estado 27, lexema actual: 'fibonacci'
2025-06-25 20:21:35.089 [DEBUG] Lexer: Estado final alcanzado, tipo de token: 'var_id', lexema completo: 'fibonacci'
2025-06-25 20:21:35.089 [DEBUG] Lexer: No hay transición con '(', devolviendo token encontrado: 'fibonacci' (tipo: 'var_id')
2025-06-25 20:21:35.089 [DEBUG] Lexer: Generando token 'var_id' en línea 17, columna 12 (lexema: 'fibonacci')
2025-06-25 20:21:35.089 [DEBUG] Lexer: Analizando entrada: '( x : Int) => fibona...'
2025-06-25 20:21:35.089 [DEBUG] Lexer: Transición con '(' al estado 8, lexema actual: '('
2025-06-25 20:21:35.089 [DEBUG] Lexer: Estado final alcanzado, tipo de token: '(', lexema completo: '('
2025-06-25 20:21:35.089 [DEBUG] Lexer: No hay transición con ' ', devolviendo token encontrado: '(' (tipo: '(')
2025-06-25 20:21:35.089 [DEBUG] Lexer: Generando token '(' en línea 17, columna 21 (lexema: '(')
2025-06-25 20:21:35.089 [DEBUG] Lexer: Analizando entrada: ' x : Int) => fibonac...'
2025-06-25 20:21:35.089 [DEBUG] Lexer: Transición con ' ' al estado 3, lexema actual: ' '
2025-06-25 20:21:35.089 [DEBUG] Lexer: Estado final alcanzado, tipo de token: 'space', lexema completo: ' '
2025-06-25 20:21:35.089 [DEBUG] Lexer: No hay transición con 'x', devolviendo token encontrado: ' ' (tipo: 'space')
2025-06-25 20:21:35.089 [DEBUG] Lexer: Ignorando token 'space' en línea 17, columna 22 (lexema: ' ')
2025-06-25 20:21:35.089 [DEBUG] Lexer: Analizando entrada: 'x : Int) => fibonacc...'
2025-06-25 20:21:35.089 [DEBUG] Lexer: Transición con 'x' al estado 27, lexema actual: 'x'
2025-06-25 20:21:35.089 [DEBUG] Lexer: Estado final alcanzado, tipo de token: 'var_id', lexema completo: 'x'
2025-06-25 20:21:35.089 [DEBUG] Lexer: No hay transición con ' ', devolviendo token encontrado: 'x' (tipo: 'var_id')
2025-06-25 20:21:35.089 [DEBUG] Lexer: Generando token 'var_id' en línea 17, columna 23 (lexema: 'x')
2025-06-25 20:21:35.089 [DEBUG] Lexer: Analizando entrada: ' : Int) => fibonacci...'
2025-06-25 20:21:35.089 [DEBUG] Lexer: Transición con ' ' al estado 3, lexema actual: ' '
2025-06-25 20:21:35.089 [DEBUG] Lexer: Estado final alcanzado, tipo de token: 'space', lexema completo: ' '
2025-06-25 20:21:35.089 [DEBUG] Lexer: No hay transición con ':', devolviendo token encontrado: ' ' (tipo: 'space')
2025-06-25 20:21:35.089 [DEBUG] Lexer: Ignorando token 'space' en línea 17, columna 24 (lexema: ' ')
2025-06-25 20:21:35.089 [DEBUG] Lexer: Analizando entrada: ': Int) => fibonacci(...'
2025-06-25 20:21:35.089 [DEBUG] Lexer: Transición con ':' al estado 18, lexema actual: ':'
2025-06-25 20:21:35.089 [DEBUG] Lexer: Estado final alcanzado, tipo de token: ':', lexema completo: ':'
2025-06-25 20:21:35.089 [DEBUG] Lexer: No hay transición con ' ', devolviendo token encontrado: ':' (tipo: ':')
2025-06-25 20:21:35.089 [DEBUG] Lexer: Generando token ':' en línea 17, columna 25 (lexema: ':')
2025-06-25 20:21:35.089 [DEBUG] Lexer: Analizando entrada: ' Int) => fibonacci(x...'
2025-06-25 20:21:35.089 [DEBUG] Lexer: Transición con ' ' al estado 3, lexema actual: ' '
2025-06-25 20:21:35.089 [DEBUG] Lexer: Estado final alcanzado, tipo de token: 'space', lexema completo: ' '
2025-06-25 20:21:35.089 [DEBUG] Lexer: No hay transición con 'I', devolviendo token encontrado: ' ' (tipo: 'space')
2025-06-25 20:21:35.089 [DEBUG] Lexer: Ignorando token 'space' en línea 17, columna 26 (lexema: ' ')
2025-06-25 20:21:35.089 [DEBUG] Lexer: Analizando entrada: 'Int) => fibonacci(x-...'
2025-06-25 20:21:35.089 [DEBUG] Lexer: Transición con 'I' al estado 24, lexema actual: 'I'
2025-06-25 20:21:35.089 [DEBUG] Lexer: Estado final alcanzado, tipo de token: 'type_id', lexema completo: 'I'
2025-06-25 20:21:35.089 [DEBUG] Lexer: Transición con 'n' al estado 24, lexema actual: 'In'
2025-06-25 20:21:35.089 [DEBUG] Lexer: Estado final alcanzado, tipo de token: 'type_id', lexema completo: 'In'
2025-06-25 20:21:35.089 [DEBUG] Lexer: Transición con 't' al estado 24, lexema actual: 'Int'
2025-06-25 20:21:35.089 [DEBUG] Lexer: Estado final alcanzado, tipo de token: 'type_id', lexema completo: 'Int'
2025-06-25 20:21:35.089 [DEBUG] Lexer: No hay transición con ')', devolviendo token encontrado: 'Int' (tipo: 'type_id')
2025-06-25 20:21:35.089 [DEBUG] Lexer: Generando token 'type_id' en línea 17, columna 27 (lexema: 'Int')
2025-06-25 20:21:35.089 [DEBUG] Lexer: Analizando entrada: ') => fibonacci(x-1) ...'
2025-06-25 20:21:35.089 [DEBUG] Lexer: Transición con ')' al estado 9, lexema actual: ')'
2025-06-25 20:21:35.089 [DEBUG] Lexer: Estado final alcanzado, tipo de token: ')', lexema completo: ')'
2025-06-25 20:21:35.089 [DEBUG] Lexer: No hay transición con ' ', devolviendo token encontrado: ')' (tipo: ')')
2025-06-25 20:21:35.089 [DEBUG] Lexer: Generando token ')' en línea 17, columna 30 (lexema: ')')
2025-06-25 20:21:35.089 [DEBUG] Lexer: Analizando entrada: ' => fibonacci(x-1) +...'
2025-06-25 20:21:35.089 [DEBUG] Lexer: Transición con ' ' al estado 3, lexema actual: ' '
2025-06-25 20:21:35.089 [DEBUG] Lexer: Estado final alcanzado, tipo de token: 'space', lexema completo: ' '
2025-06-25 20:21:35.089 [DEBUG] Lexer: No hay transición con '=', devolviendo token encontrado: ' ' (tipo: 'space')
2025-06-25 20:21:35.089 [DEBUG] Lexer: Ignorando token 'space' en línea 17, columna 31 (lexema: ' ')
2025-06-25 20:21:35.089 [DEBUG] Lexer: Analizando entrada: '=> fibonacci(x-1) + ...'
2025-06-25 20:21:35.089 [DEBUG] Lexer: Transición con '=' al estado 21, lexema actual: '='
2025-06-25 20:21:35.089 [DEBUG] Lexer: Estado final alcanzado, tipo de token: '=', lexema completo: '='
2025-06-25 20:21:35.089 [DEBUG] Lexer: Transición con '>' al estado 81, lexema actual: '=>'
2025-06-25 20:21:35.089 [DEBUG] Lexer: Estado final alcanzado, tipo de token: '=>', lexema completo: '=>'
2025-06-25 20:21:35.089 [DEBUG] Lexer: No hay transición con ' ', devolviendo token encontrado: '=>' (tipo: '=>')
2025-06-25 20:21:35.089 [DEBUG] Lexer: Generando token '=>' en línea 17, columna 32 (lexema: '=>')
2025-06-25 20:21:35.089 [DEBUG] Lexer: Analizando entrada: ' fibonacci(x-1) + fi...'
2025-06-25 20:21:35.089 [DEBUG] Lexer: Transición con ' ' al estado 3, lexema actual: ' '
2025-06-25 20:21:35.089 [DEBUG] Lexer: Estado final alcanzado, tipo de token: 'space', lexema completo: ' '
2025-06-25 20:21:35.089 [DEBUG] Lexer: No hay transición con 'f', devolviendo token encontrado: ' ' (tipo: 'space')
2025-06-25 20:21:35.089 [DEBUG] Lexer: Ignorando token 'space' en línea 17, columna 34 (lexema: ' ')
2025-06-25 20:21:35.089 [DEBUG] Lexer: Analizando entrada: 'fibonacci(x-1) + fib...'
2025-06-25 20:21:35.089 [DEBUG] Lexer: Transición con 'f' al estado 29, lexema actual: 'f'
2025-06-25 20:21:35.089 [DEBUG] Lexer: Estado final alcanzado, tipo de token: 'var_id', lexema completo: 'f'
2025-06-25 20:21:35.089 [DEBUG] Lexer: Transición con 'i' al estado 27, lexema actual: 'fi'
2025-06-25 20:21:35.089 [DEBUG] Lexer: Estado final alcanzado, tipo de token: 'var_id', lexema completo: 'fi'
2025-06-25 20:21:35.089 [DEBUG] Lexer: Transición con 'b' al estado 27, lexema actual: 'fib'
2025-06-25 20:21:35.089 [DEBUG] Lexer: Estado final alcanzado, tipo de token: 'var_id', lexema completo: 'fib'
2025-06-25 20:21:35.089 [DEBUG] Lexer: Transición con 'o' al estado 27, lexema actual: 'fibo'
2025-06-25 20:21:35.089 [DEBUG] Lexer: Estado final alcanzado, tipo de token: 'var_id', lexema completo: 'fibo'
2025-06-25 20:21:35.089 [DEBUG] Lexer: Transición con 'n' al estado 27, lexema actual: 'fibon'
2025-06-25 20:21:35.089 [DEBUG] Lexer: Estado final alcanzado, tipo de token: 'var_id', lexema completo: 'fibon'
2025-06-25 20:21:35.089 [DEBUG] Lexer: Transición con 'a' al estado 27, lexema actual: 'fibona'
2025-06-25 20:21:35.089 [DEBUG] Lexer: Estado final alcanzado, tipo de token: 'var_id', lexema completo: 'fibona'
2025-06-25 20:21:35.089 [DEBUG] Lexer: Transición con 'c' al estado 27, lexema actual: 'fibonac'
2025-06-25 20:21:35.089 [DEBUG] Lexer: Estado final alcanzado, tipo de token: 'var_id', lexema completo: 'fibonac'
2025-06-25 20:21:35.089 [DEBUG] Lexer: Transición con 'c' al estado 27, lexema actual: 'fibonacc'
2025-06-25 20:21:35.089 [DEBUG] Lexer: Estado final alcanzado, tipo de token: 'var_id', lexema completo: 'fibonacc'
2025-06-25 20:21:35.089 [DEBUG] Lexer: Transición con 'i' al estado 27, lexema actual: 'fibonacci'
2025-06-25 20:21:35.089 [DEBUG] Lexer: Estado final alcanzado, tipo de token: 'var_id', lexema completo: 'fibonacci'
2025-06-25 20:21:35.089 [DEBUG] Lexer: No hay transición con '(', devolviendo token encontrado: 'fibonacci' (tipo: 'var_id')
2025-06-25 20:21:35.089 [DEBUG] Lexer: Generando token 'var_id' en línea 17, columna 35 (lexema: 'fibonacci')
2025-06-25 20:21:35.089 [DEBUG] Lexer: Analizando entrada: '(x-1) + fibonacci(x-...'
2025-06-25 20:21:35.089 [DEBUG] Lexer: Transición con '(' al estado 8, lexema actual: '('
2025-06-25 20:21:35.089 [DEBUG] Lexer: Estado final alcanzado, tipo de token: '(', lexema completo: '('
2025-06-25 20:21:35.089 [DEBUG] Lexer: No hay transición con 'x', devolviendo token encontrado: '(' (tipo: '(')
2025-06-25 20:21:35.089 [DEBUG] Lexer: Generando token '(' en línea 17, columna 44 (lexema: '(')
2025-06-25 20:21:35.089 [DEBUG] Lexer: Analizando entrada: 'x-1) + fibonacci(x-2...'
2025-06-25 20:21:35.089 [DEBUG] Lexer: Transición con 'x' al estado 27, lexema actual: 'x'
2025-06-25 20:21:35.089 [DEBUG] Lexer: Estado final alcanzado, tipo de token: 'var_id', lexema completo: 'x'
2025-06-25 20:21:35.089 [DEBUG] Lexer: No hay transición con '-', devolviendo token encontrado: 'x' (tipo: 'var_id')
2025-06-25 20:21:35.089 [DEBUG] Lexer: Generando token 'var_id' en línea 17, columna 45 (lexema: 'x')
2025-06-25 20:21:35.089 [DEBUG] Lexer: Analizando entrada: '-1) + fibonacci(x-2)...'
2025-06-25 20:21:35.089 [DEBUG] Lexer: Transición con '-' al estado 13, lexema actual: '-'
2025-06-25 20:21:35.089 [DEBUG] Lexer: Estado final alcanzado, tipo de token: '-', lexema completo: '-'
2025-06-25 20:21:35.089 [DEBUG] Lexer: No hay transición con '1', devolviendo token encontrado: '-' (tipo: '-')
2025-06-25 20:21:35.089 [DEBUG] Lexer: Generando token '-' en línea 17, columna 46 (lexema: '-')
2025-06-25 20:21:35.089 [DEBUG] Lexer: Analizando entrada: '1) + fibonacci(x-2);...'
2025-06-25 20:21:35.089 [DEBUG] Lexer: Transición con '1' al estado 17, lexema actual: '1'
2025-06-25 20:21:35.089 [DEBUG] Lexer: Estado final alcanzado, tipo de token: 'number', lexema completo: '1'
2025-06-25 20:21:35.089 [DEBUG] Lexer: No hay transición con ')', devolviendo token encontrado: '1' (tipo: 'number')
2025-06-25 20:21:35.089 [DEBUG] Lexer: Generando token 'number' en línea 17, columna 47 (lexema: '1')
2025-06-25 20:21:35.089 [DEBUG] Lexer: Analizando entrada: ') + fibonacci(x-2);
...'
2025-06-25 20:21:35.089 [DEBUG] Lexer: Transición con ')' al estado 9, lexema actual: ')'
2025-06-25 20:21:35.089 [DEBUG] Lexer: Estado final alcanzado, tipo de token: ')', lexema completo: ')'
2025-06-25 20:21:35.089 [DEBUG] Lexer: No hay transición con ' ', devolviendo token encontrado: ')' (tipo: ')')
2025-06-25 20:21:35.089 [DEBUG] Lexer: Generando token ')' en línea 17, columna 48 (lexema: ')')
2025-06-25 20:21:35.089 [DEBUG] Lexer: Analizando entrada: ' + fibonacci(x-2);
}...'
2025-06-25 20:21:35.089 [DEBUG] Lexer: Transición con ' ' al estado 3, lexema actual: ' '
2025-06-25 20:21:35.089 [DEBUG] Lexer: Estado final alcanzado, tipo de token: 'space', lexema completo: ' '
2025-06-25 20:21:35.089 [DEBUG] Lexer: No hay transición con '+', devolviendo token encontrado: ' ' (tipo: 'space')
2025-06-25 20:21:35.089 [DEBUG] Lexer: Ignorando token 'space' en línea 17, columna 49 (lexema: ' ')
2025-06-25 20:21:35.089 [DEBUG] Lexer: Analizando entrada: '+ fibonacci(x-2);
}
'
2025-06-25 20:21:35.089 [DEBUG] Lexer: Transición con '+' al estado 11, lexema actual: '+'
2025-06-25 20:21:35.089 [DEBUG] Lexer: Estado final alcanzado, tipo de token: '+', lexema completo: '+'
2025-06-25 20:21:35.089 [DEBUG] Lexer: No hay transición con ' ', devolviendo token encontrado: '+' (tipo: '+')
2025-06-25 20:21:35.090 [DEBUG] Lexer: Generando token '+' en línea 17, columna 50 (lexema: '+')
2025-06-25 20:21:35.090 [DEBUG] Lexer: Analizando entrada: ' fibonacci(x-2);
}
'
2025-06-25 20:21:35.090 [DEBUG] Lexer: Transición con ' ' al estado 3, lexema actual: ' '
2025-06-25 20:21:35.090 [DEBUG] Lexer: Estado final alcanzado, tipo de token: 'space', lexema completo: ' '
2025-06-25 20:21:35.090 [DEBUG] Lexer: No hay transición con 'f', devolviendo token encontrado: ' ' (tipo: 'space')
2025-06-25 20:21:35.090 [DEBUG] Lexer: Ignorando token 'space' en línea 17, columna 51 (lexema: ' ')
2025-06-25 20:21:35.090 [DEBUG] Lexer: Analizando entrada: 'fibonacci(x-2);
}
'
2025-06-25 20:21:35.090 [DEBUG] Lexer: Transición con 'f' al estado 29, lexema actual: 'f'
2025-06-25 20:21:35.090 [DEBUG] Lexer: Estado final alcanzado, tipo de token: 'var_id', lexema completo: 'f'
2025-06-25 20:21:35.090 [DEBUG] Lexer: Transición con 'i' al estado 27, lexema actual: 'fi'
2025-06-25 20:21:35.090 [DEBUG] Lexer: Estado final alcanzado, tipo de token: 'var_id', lexema completo: 'fi'
2025-06-25 20:21:35.090 [DEBUG] Lexer: Transición con 'b' al estado 27, lexema actual: 'fib'
2025-06-25 20:21:35.090 [DEBUG] Lexer: Estado final alcanzado, tipo de token: 'var_id', lexema completo: 'fib'
2025-06-25 20:21:35.090 [DEBUG] Lexer: Transición con 'o' al estado 27, lexema actual: 'fibo'
2025-06-25 20:21:35.090 [DEBUG] Lexer: Estado final alcanzado, tipo de token: 'var_id', lexema completo: 'fibo'
2025-06-25 20:21:35.090 [DEBUG] Lexer: Transición con 'n' al estado 27, lexema actual: 'fibon'
2025-06-25 20:21:35.090 [DEBUG] Lexer: Estado final alcanzado, tipo de token: 'var_id', lexema completo: 'fibon'
2025-06-25 20:21:35.090 [DEBUG] Lexer: Transición con 'a' al estado 27, lexema actual: 'fibona'
2025-06-25 20:21:35.090 [DEBUG] Lexer: Estado final alcanzado, tipo de token: 'var_id', lexema completo: 'fibona'
2025-06-25 20:21:35.090 [DEBUG] Lexer: Transición con 'c' al estado 27, lexema actual: 'fibonac'
2025-06-25 20:21:35.090 [DEBUG] Lexer: Estado final alcanzado, tipo de token: 'var_id', lexema completo: 'fibonac'
2025-06-25 20:21:35.090 [DEBUG] Lexer: Transición con 'c' al estado 27, lexema actual: 'fibonacc'
2025-06-25 20:21:35.090 [DEBUG] Lexer: Estado final alcanzado, tipo de token: 'var_id', lexema completo: 'fibonacc'
2025-06-25 20:21:35.090 [DEBUG] Lexer: Transición con 'i' al estado 27, lexema actual: 'fibonacci'
2025-06-25 20:21:35.090 [DEBUG] Lexer: Estado final alcanzado, tipo de token: 'var_id', lexema completo: 'fibonacci'
2025-06-25 20:21:35.090 [DEBUG] Lexer: No hay transición con '(', devolviendo token encontrado: 'fibonacci' (tipo: 'var_id')
2025-06-25 20:21:35.090 [DEBUG] Lexer: Generando token 'var_id' en línea 17, columna 52 (lexema: 'fibonacci')
2025-06-25 20:21:35.090 [DEBUG] Lexer: Analizando entrada: '(x-2);
}
'
2025-06-25 20:21:35.090 [DEBUG] Lexer: Transición con '(' al estado 8, lexema actual: '('
2025-06-25 20:21:35.090 [DEBUG] Lexer: Estado final alcanzado, tipo de token: '(', lexema completo: '('
2025-06-25 20:21:35.090 [DEBUG] Lexer: No hay transición con 'x', devolviendo token encontrado: '(' (tipo: '(')
2025-06-25 20:21:35.090 [DEBUG] Lexer: Generando token '(' en línea 17, columna 61 (lexema: '(')
2025-06-25 20:21:35.090 [DEBUG] Lexer: Analizando entrada: 'x-2);
}
'
2025-06-25 20:21:35.090 [DEBUG] Lexer: Transición con 'x' al estado 27, lexema actual: 'x'
2025-06-25 20:21:35.090 [DEBUG] Lexer: Estado final alcanzado, tipo de token: 'var_id', lexema completo: 'x'
2025-06-25 20:21:35.090 [DEBUG] Lexer: No hay transición con '-', devolviendo token encontrado: 'x' (tipo: 'var_id')
2025-06-25 20:21:35.090 [DEBUG] Lexer: Generando token 'var_id' en línea 17, columna 62 (lexema: 'x')
2025-06-25 20:21:35.090 [DEBUG] Lexer: Analizando entrada: '-2);
}
'
2025-06-25 20:21:35.090 [DEBUG] Lexer: Transición con '-' al estado 13, lexema actual: '-'
2025-06-25 20:21:35.090 [DEBUG] Lexer: Estado final alcanzado, tipo de token: '-', lexema completo: '-'
2025-06-25 20:21:35.090 [DEBUG] Lexer: No hay transición con '2', devolviendo token encontrado: '-' (tipo: '-')
2025-06-25 20:21:35.090 [DEBUG] Lexer: Generando token '-' en línea 17, columna 63 (lexema: '-')
2025-06-25 20:21:35.090 [DEBUG] Lexer: Analizando entrada: '2);
}
'
2025-06-25 20:21:35.090 [DEBUG] Lexer: Transición con '2' al estado 17, lexema actual: '2'
2025-06-25 20:21:35.090 [DEBUG] Lexer: Estado final alcanzado, tipo de token: 'number', lexema completo: '2'
2025-06-25 20:21:35.090 [DEBUG] Lexer: No hay transición con ')', devolviendo token encontrado: '2' (tipo: 'number')
2025-06-25 20:21:35.090 [DEBUG] Lexer: Generando token 'number' en línea 17, columna 64 (lexema: '2')
2025-06-25 20:21:35.090 [DEBUG] Lexer: Analizando entrada: ');
}
'
2025-06-25 20:21:35.090 [DEBUG] Lexer: Transición con ')' al estado 9, lexema actual: ')'
2025-06-25 20:21:35.090 [DEBUG] Lexer: Estado final alcanzado, tipo de token: ')', lexema completo: ')'
2025-06-25 20:21:35.090 [DEBUG] Lexer: No hay transición con ';', devolviendo token encontrado: ')' (tipo: ')')
2025-06-25 20:21:35.090 [DEBUG] Lexer: Generando token ')' en línea 17, columna 65 (lexema: ')')
2025-06-25 20:21:35.090 [DEBUG] Lexer: Analizando entrada: ';
}
'
2025-06-25 20:21:35.090 [DEBUG] Lexer: Transición con ';' al estado 19, lexema actual: ';'
2025-06-25 20:21:35.090 [DEBUG] Lexer: Estado final alcanzado, tipo de token: ';', lexema completo: ';'
2025-06-25 20:21:35.090 [DEBUG] Lexer: No hay transición con '
', devolviendo token encontrado: ';' (tipo: ';')
2025-06-25 20:21:35.090 [DEBUG] Lexer: Generando token ';' en línea 17, columna 66 (lexema: ';')
2025-06-25 20:21:35.090 [DEBUG] Lexer: Analizando entrada: '
}
'
2025-06-25 20:21:35.090 [DEBUG] Lexer: Transición con '
' al estado 2, lexema actual: '
'
2025-06-25 20:21:35.090 [DEBUG] Lexer: Estado final alcanzado, tipo de token: 'newline', lexema completo: '
'
2025-06-25 20:21:35.090 [DEBUG] Lexer: No hay transición con '}', devolviendo token encontrado: '
' (tipo: 'newline')
2025-06-25 20:21:35.090 [DEBUG] Lexer: Ignorando token 'newline' en línea 17, columna 67 (lexema: '\n')
2025-06-25 20:21:35.090 [DEBUG] Lexer: Analizando entrada: '}
'
2025-06-25 20:21:35.090 [DEBUG] Lexer: Transición con '}' al estado 37, lexema actual: '}'
2025-06-25 20:21:35.090 [DEBUG] Lexer: Estado final alcanzado, tipo de token: '}', lexema completo: '}'
2025-06-25 20:21:35.090 [DEBUG] Lexer: No hay transición con '
', devolviendo token encontrado: '}' (tipo: '}')
2025-06-25 20:21:35.090 [DEBUG] Lexer: Generando token '}' en línea 18, columna 1 (lexema: '}')
2025-06-25 20:21:35.090 [DEBUG] Lexer: Analizando entrada: '
'
2025-06-25 20:21:35.090 [DEBUG] Lexer: Transición con '
' al estado 2, lexema actual: '
'
2025-06-25 20:21:35.090 [DEBUG] Lexer: Estado final alcanzado, tipo de token: 'newline', lexema completo: '
'
2025-06-25 20:21:35.090 [DEBUG] Lexer: Fin de entrada, devolviendo token: '
' (tipo: 'newline')
2025-06-25 20:21:35.090 [DEBUG] Lexer: Ignorando token 'newline' en línea 18, columna 2 (lexema: '\n')
2025-06-25 20:21:35.090 [DEBUG] Lexer: Agregando token final 'EOF' en línea 19, columna 1
2025-06-25 20:21:35.090 [INFO] Tokenización completada con éxito, generados 80 tokens
2025-06-25 20:21:35.090 [INFO] Iniciando construcción del AST
2025-06-25 20:21:35.090 [INFO] Ejecutando análisis sintáctico
2025-06-25 20:21:35.090 [INFO] SLR1Parser: Analizando 80 tokens
2025-06-25 20:21:35.090 [INFO] Iniciando análisis sintáctico con 80 tokens
2025-06-25 20:21:35.090 [DEBUG] Lista de tokens a analizar:
2025-06-25 20:21:35.090 [DEBUG]   [0] function[2,1]:function (línea 2, columna 1, lexema: 'function')
2025-06-25 20:21:35.090 [DEBUG]   [1] var_id[2,10]:fibonacci (línea 2, columna 10, lexema: 'fibonacci')
2025-06-25 20:21:35.090 [DEBUG]   [2] ([2,19]:( (línea 2, columna 19, lexema: '(')
2025-06-25 20:21:35.090 [DEBUG]   [3] var_id[2,20]:x (línea 2, columna 20, lexema: 'x')
2025-06-25 20:21:35.090 [DEBUG]   [4] :[2,21]:: (línea 2, columna 21, lexema: ':')
2025-06-25 20:21:35.090 [DEBUG]   [5] type_id[2,22]:Int (línea 2, columna 22, lexema: 'Int')
2025-06-25 20:21:35.090 [DEBUG]   [6] )[2,25]:) (línea 2, columna 25, lexema: ')')
2025-06-25 20:21:35.090 [DEBUG]   [7] {[2,27]:{ (línea 2, columna 27, lexema: '{')
2025-06-25 20:21:35.090 [DEBUG]   [8] if[3,3]:if (línea 3, columna 3, lexema: 'if')
2025-06-25 20:21:35.090 [DEBUG]   [9] ([3,6]:( (línea 3, columna 6, lexema: '(')
2025-06-25 20:21:35.090 [DEBUG]   [10] var_id[3,7]:x (línea 3, columna 7, lexema: 'x')
2025-06-25 20:21:35.090 [DEBUG]   [11] >[3,9]:> (línea 3, columna 9, lexema: '>')
2025-06-25 20:21:35.090 [DEBUG]   [12] number[3,11]:0 (línea 3, columna 11, lexema: '0')
2025-06-25 20:21:35.090 [DEBUG]   [13] )[3,12]:) (línea 3, columna 12, lexema: ')')
2025-06-25 20:21:35.090 [DEBUG]   [14] {[3,14]:{ (línea 3, columna 14, lexema: '{')
2025-06-25 20:21:35.090 [DEBUG]   [15] var_id[4,5]:fibonacci (línea 4, columna 5, lexema: 'fibonacci')
2025-06-25 20:21:35.090 [DEBUG]   [16] ([4,14]:( (línea 4, columna 14, lexema: '(')
2025-06-25 20:21:35.090 [DEBUG]   [17] var_id[4,15]:x (línea 4, columna 15, lexema: 'x')
2025-06-25 20:21:35.090 [DEBUG]   [18] -[4,16]:- (línea 4, columna 16, lexema: '-')
2025-06-25 20:21:35.090 [DEBUG]   [19] number[4,17]:1 (línea 4, columna 17, lexema: '1')
2025-06-25 20:21:35.090 [DEBUG]   [20] )[4,18]:) (línea 4, columna 18, lexema: ')')
2025-06-25 20:21:35.090 [DEBUG]   [21] +[4,20]:+ (línea 4, columna 20, lexema: '+')
2025-06-25 20:21:35.090 [DEBUG]   [22] var_id[4,22]:fibonacci (línea 4, columna 22, lexema: 'fibonacci')
2025-06-25 20:21:35.090 [DEBUG]   [23] ([4,31]:( (línea 4, columna 31, lexema: '(')
2025-06-25 20:21:35.090 [DEBUG]   [24] var_id[4,32]:x (línea 4, columna 32, lexema: 'x')
2025-06-25 20:21:35.090 [DEBUG]   [25] -[4,33]:- (línea 4, columna 33, lexema: '-')
2025-06-25 20:21:35.090 [DEBUG]   [26] number[4,34]:2 (línea 4, columna 34, lexema: '2')
2025-06-25 20:21:35.090 [DEBUG]   [27] )[4,35]:) (línea 4, columna 35, lexema: ')')
2025-06-25 20:21:35.090 [DEBUG]   [28] ;[4,36]:; (línea 4, columna 36, lexema: ';')
2025-06-25 20:21:35.090 [DEBUG]   [29] }[5,3]:} (línea 5, columna 3, lexema: '}')
2025-06-25 20:21:35.090 [DEBUG]   [30] else[6,3]:else (línea 6, columna 3, lexema: 'else')
2025-06-25 20:21:35.090 [DEBUG]   [31] {[6,8]:{ (línea 6, columna 8, lexema: '{')
2025-06-25 20:21:35.090 [DEBUG]   [32] var_id[7,5]:x (línea 7, columna 5, lexema: 'x')
2025-06-25 20:21:35.090 [DEBUG]   [33] =[7,7]:= (línea 7, columna 7, lexema: '=')
2025-06-25 20:21:35.090 [DEBUG]   [34] number[7,9]:1 (línea 7, columna 9, lexema: '1')
2025-06-25 20:21:35.090 [DEBUG]   [35] ;[7,10]:; (línea 7, columna 10, lexema: ';')
2025-06-25 20:21:35.090 [DEBUG]   [36] }[8,3]:} (línea 8, columna 3, lexema: '}')
2025-06-25 20:21:35.090 [DEBUG]   [37] ;[8,4]:; (línea 8, columna 4, lexema: ';')
2025-06-25 20:21:35.090 [DEBUG]   [38] }[9,1]:} (línea 9, columna 1, lexema: '}')
2025-06-25 20:21:35.090 [DEBUG]   [39] type[10,1]:type (línea 10, columna 1, lexema: 'type')
2025-06-25 20:21:35.090 [DEBUG]   [40] type_id[10,6]:Point (línea 10, columna 6, lexema: 'Point')
2025-06-25 20:21:35.090 [DEBUG]   [41] {[10,12]:{ (línea 10, columna 12, lexema: '{')
2025-06-25 20:21:35.090 [DEBUG]   [42] var_id[11,3]:x (línea 11, columna 3, lexema: 'x')
2025-06-25 20:21:35.090 [DEBUG]   [43] =[11,5]:= (línea 11, columna 5, lexema: '=')
2025-06-25 20:21:35.090 [DEBUG]   [44] number[11,7]:3 (línea 11, columna 7, lexema: '3')
2025-06-25 20:21:35.090 [DEBUG]   [45] ;[11,8]:; (línea 11, columna 8, lexema: ';')
2025-06-25 20:21:35.090 [DEBUG]   [46] }[12,1]:} (línea 12, columna 1, lexema: '}')
2025-06-25 20:21:35.090 [DEBUG]   [47] type[13,1]:type (línea 13, columna 1, lexema: 'type')
2025-06-25 20:21:35.090 [DEBUG]   [48] type_id[13,6]:OtroType (línea 13, columna 6, lexema: 'OtroType')
2025-06-25 20:21:35.090 [DEBUG]   [49] {[13,15]:{ (línea 13, columna 15, lexema: '{')
2025-06-25 20:21:35.090 [DEBUG]   [50] var_id[14,3]:y (línea 14, columna 3, lexema: 'y')
2025-06-25 20:21:35.090 [DEBUG]   [51] =[14,5]:= (línea 14, columna 5, lexema: '=')
2025-06-25 20:21:35.090 [DEBUG]   [52] string[14,7]:"25" (línea 14, columna 7, lexema: '"25"')
2025-06-25 20:21:35.090 [DEBUG]   [53] ;[14,11]:; (línea 14, columna 11, lexema: ';')
2025-06-25 20:21:35.090 [DEBUG]   [54] }[15,1]:} (línea 15, columna 1, lexema: '}')
2025-06-25 20:21:35.090 [DEBUG]   [55] {[16,1]:{ (línea 16, columna 1, lexema: '{')
2025-06-25 20:21:35.090 [DEBUG]   [56] function[17,3]:function (línea 17, columna 3, lexema: 'function')
2025-06-25 20:21:35.090 [DEBUG]   [57] var_id[17,12]:fibonacci (línea 17, columna 12, lexema: 'fibonacci')
2025-06-25 20:21:35.090 [DEBUG]   [58] ([17,21]:( (línea 17, columna 21, lexema: '(')
2025-06-25 20:21:35.090 [DEBUG]   [59] var_id[17,23]:x (línea 17, columna 23, lexema: 'x')
2025-06-25 20:21:35.090 [DEBUG]   [60] :[17,25]:: (línea 17, columna 25, lexema: ':')
2025-06-25 20:21:35.090 [DEBUG]   [61] type_id[17,27]:Int (línea 17, columna 27, lexema: 'Int')
2025-06-25 20:21:35.090 [DEBUG]   [62] )[17,30]:) (línea 17, columna 30, lexema: ')')
2025-06-25 20:21:35.090 [DEBUG]   [63] =>[17,32]:=> (línea 17, columna 32, lexema: '=>')
2025-06-25 20:21:35.090 [DEBUG]   [64] var_id[17,35]:fibonacci (línea 17, columna 35, lexema: 'fibonacci')
2025-06-25 20:21:35.090 [DEBUG]   [65] ([17,44]:( (línea 17, columna 44, lexema: '(')
2025-06-25 20:21:35.090 [DEBUG]   [66] var_id[17,45]:x (línea 17, columna 45, lexema: 'x')
2025-06-25 20:21:35.090 [DEBUG]   [67] -[17,46]:- (línea 17, columna 46, lexema: '-')
2025-06-25 20:21:35.090 [DEBUG]   [68] number[17,47]:1 (línea 17, columna 47, lexema: '1')
2025-06-25 20:21:35.090 [DEBUG]   [69] )[17,48]:) (línea 17, columna 48, lexema: ')')
2025-06-25 20:21:35.090 [DEBUG]   [70] +[17,50]:+ (línea 17, columna 50, lexema: '+')
2025-06-25 20:21:35.090 [DEBUG]   [71] var_id[17,52]:fibonacci (línea 17, columna 52, lexema: 'fibonacci')
2025-06-25 20:21:35.090 [DEBUG]   [72] ([17,61]:( (línea 17, columna 61, lexema: '(')
2025-06-25 20:21:35.090 [DEBUG]   [73] var_id[17,62]:x (línea 17, columna 62, lexema: 'x')
2025-06-25 20:21:35.090 [DEBUG]   [74] -[17,63]:- (línea 17, columna 63, lexema: '-')
2025-06-25 20:21:35.090 [DEBUG]   [75] number[17,64]:2 (línea 17, columna 64, lexema: '2')
2025-06-25 20:21:35.090 [DEBUG]   [76] )[17,65]:) (línea 17, columna 65, lexema: ')')
2025-06-25 20:21:35.090 [DEBUG]   [77] ;[17,66]:; (línea 17, columna 66, lexema: ';')
2025-06-25 20:21:35.090 [DEBUG]   [78] }[18,1]:} (línea 18, columna 1, lexema: '}')
2025-06-25 20:21:35.090 [DEBUG]   [79] EOF[19,1]:EOF (línea 19, columna 1, lexema: 'EOF')
2025-06-25 20:21:35.090 [DEBUG] REDUCE por producción: id_expr -> var_id : type_id  (ID: 36)
2025-06-25 20:21:35.090 [DEBUG] REDUCE por producción: args_list -> id_expr  (ID: 34)
2025-06-25 20:21:35.091 [DEBUG] REDUCE por producción: id_expr -> var_id  (ID: 37)
2025-06-25 20:21:35.091 [DEBUG] REDUCE por producción: expr -> id_expr  (ID: 20)
2025-06-25 20:21:35.091 [ERROR] Error sintáctico: Error de sintaxis: token inesperado 'number'. Se esperaba: '!', 'bool', 'if', 'let', 'string', 'var_id' o 'while' en línea 3, columna 11

Contexto del error:

   ([3,6]:(
   var_id[3,7]:x
   >[3,9]:>
>> number[3,11]:0 <<
   )[3,12]:)
   {[3,14]:{
   var_id[4,5]:fibonacci

2025-06-25 20:21:35.091 [ERROR] Error en la construcción del AST: Error sintáctico: Error de sintaxis: token inesperado 'number'. Se esperaba: '!', 'bool', 'if', 'let', 'string', 'var_id' o 'while' en línea 3, columna 11

Contexto del error:

   ([3,6]:(
   var_id[3,7]:x
   >[3,9]:>
>> number[3,11]:0 <<
   )[3,12]:)
   {[3,14]:{
   var_id[4,5]:fibonacci



2025-06-25 22:24:05.157 [INFO] ========== HULK COMPILER LOGGING SESSION ===========
2025-06-25 22:24:05.157 [INFO] Log file: hulk_compiler.log
2025-06-25 22:24:05.157 [INFO] Log level: DEBUG
2025-06-25 22:24:05.157 [INFO] Initialized by component: Main Compiler
2025-06-25 22:24:05.157 [INFO] ==================================================
2025-06-25 22:24:05.157 [INFO] === HULK Compiler Starting ===
2025-06-25 22:24:05.157 [INFO] Usando archivo: ./script.hulk
2025-06-25 22:24:05.157 [INFO] Cargando gramática de HULK
2025-06-25 22:24:05.157 [INFO] Gramática HULK cargada con 114 producciones
2025-06-25 22:24:05.158 [INFO] Intentando leer archivo fuente: ./script.hulk
2025-06-25 22:24:05.158 [DEBUG] Archivo abierto, leyendo contenido
2025-06-25 22:24:05.158 [INFO] Archivo leído exitosamente: ./script.hulk (237 bytes)
2025-06-25 22:24:05.158 [INFO] Iniciando proceso de compilación HULK
2025-06-25 22:24:05.158 [INFO] Longitud del código fuente: 237 bytes
2025-06-25 22:24:05.158 [INFO] Cargando artefactos del compilador (lexer y parser)
2025-06-25 22:24:05.167 [INFO] Artefactos del compilador cargados exitosamente
2025-06-25 22:24:05.167 [INFO] Iniciando tokenización del código fuente
2025-06-25 22:24:05.167 [INFO] Tokenizando código fuente (237 bytes)
2025-06-25 22:24:05.167 [DEBUG] Lexer: Analizando entrada: '
function fibonacci(...'
2025-06-25 22:24:05.167 [DEBUG] Lexer: Transición con '
' al estado 2, lexema actual: '
'
2025-06-25 22:24:05.167 [DEBUG] Lexer: Estado final alcanzado, tipo de token: 'newline', lexema completo: '
'
2025-06-25 22:24:05.167 [DEBUG] Lexer: No hay transición con 'f', devolviendo token encontrado: '
' (tipo: 'newline')
2025-06-25 22:24:05.167 [DEBUG] Lexer: Ignorando token 'newline' en línea 1, columna 1 (lexema: '\n')
2025-06-25 22:24:05.167 [DEBUG] Lexer: Analizando entrada: 'function fibonacci(x...'
2025-06-25 22:24:05.167 [DEBUG] Lexer: Transición con 'f' al estado 29, lexema actual: 'f'
2025-06-25 22:24:05.167 [DEBUG] Lexer: Estado final alcanzado, tipo de token: 'var_id', lexema completo: 'f'
2025-06-25 22:24:05.167 [DEBUG] Lexer: Transición con 'u' al estado 63, lexema actual: 'fu'
2025-06-25 22:24:05.167 [DEBUG] Lexer: Estado final alcanzado, tipo de token: 'var_id', lexema completo: 'fu'
2025-06-25 22:24:05.167 [DEBUG] Lexer: Transición con 'n' al estado 64, lexema actual: 'fun'
2025-06-25 22:24:05.167 [DEBUG] Lexer: Estado final alcanzado, tipo de token: 'var_id', lexema completo: 'fun'
2025-06-25 22:24:05.167 [DEBUG] Lexer: Transición con 'c' al estado 65, lexema actual: 'func'
2025-06-25 22:24:05.167 [DEBUG] Lexer: Estado final alcanzado, tipo de token: 'var_id', lexema completo: 'func'
2025-06-25 22:24:05.167 [DEBUG] Lexer: Transición con 't' al estado 66, lexema actual: 'funct'
2025-06-25 22:24:05.167 [DEBUG] Lexer: Estado final alcanzado, tipo de token: 'var_id', lexema completo: 'funct'
2025-06-25 22:24:05.167 [DEBUG] Lexer: Transición con 'i' al estado 67, lexema actual: 'functi'
2025-06-25 22:24:05.167 [DEBUG] Lexer: Estado final alcanzado, tipo de token: 'var_id', lexema completo: 'functi'
2025-06-25 22:24:05.167 [DEBUG] Lexer: Transición con 'o' al estado 68, lexema actual: 'functio'
2025-06-25 22:24:05.167 [DEBUG] Lexer: Estado final alcanzado, tipo de token: 'var_id', lexema completo: 'functio'
2025-06-25 22:24:05.167 [DEBUG] Lexer: Transición con 'n' al estado 69, lexema actual: 'function'
2025-06-25 22:24:05.167 [DEBUG] Lexer: Estado final alcanzado, tipo de token: 'function', lexema completo: 'function'
2025-06-25 22:24:05.167 [DEBUG] Lexer: No hay transición con ' ', devolviendo token encontrado: 'function' (tipo: 'function')
2025-06-25 22:24:05.167 [DEBUG] Lexer: Generando token 'function' en línea 2, columna 1 (lexema: 'function')
2025-06-25 22:24:05.167 [DEBUG] Lexer: Analizando entrada: ' fibonacci(x:Int) {
...'
2025-06-25 22:24:05.167 [DEBUG] Lexer: Transición con ' ' al estado 3, lexema actual: ' '
2025-06-25 22:24:05.167 [DEBUG] Lexer: Estado final alcanzado, tipo de token: 'space', lexema completo: ' '
2025-06-25 22:24:05.167 [DEBUG] Lexer: No hay transición con 'f', devolviendo token encontrado: ' ' (tipo: 'space')
2025-06-25 22:24:05.167 [DEBUG] Lexer: Ignorando token 'space' en línea 2, columna 9 (lexema: ' ')
2025-06-25 22:24:05.167 [DEBUG] Lexer: Analizando entrada: 'fibonacci(x:Int) {
 ...'
2025-06-25 22:24:05.167 [DEBUG] Lexer: Transición con 'f' al estado 29, lexema actual: 'f'
2025-06-25 22:24:05.167 [DEBUG] Lexer: Estado final alcanzado, tipo de token: 'var_id', lexema completo: 'f'
2025-06-25 22:24:05.167 [DEBUG] Lexer: Transición con 'i' al estado 27, lexema actual: 'fi'
2025-06-25 22:24:05.168 [DEBUG] Lexer: Estado final alcanzado, tipo de token: 'var_id', lexema completo: 'fi'
2025-06-25 22:24:05.168 [DEBUG] Lexer: Transición con 'b' al estado 27, lexema actual: 'fib'
2025-06-25 22:24:05.168 [DEBUG] Lexer: Estado final alcanzado, tipo de token: 'var_id', lexema completo: 'fib'
2025-06-25 22:24:05.168 [DEBUG] Lexer: Transición con 'o' al estado 27, lexema actual: 'fibo'
2025-06-25 22:24:05.168 [DEBUG] Lexer: Estado final alcanzado, tipo de token: 'var_id', lexema completo: 'fibo'
2025-06-25 22:24:05.168 [DEBUG] Lexer: Transición con 'n' al estado 27, lexema actual: 'fibon'
2025-06-25 22:24:05.168 [DEBUG] Lexer: Estado final alcanzado, tipo de token: 'var_id', lexema completo: 'fibon'
2025-06-25 22:24:05.168 [DEBUG] Lexer: Transición con 'a' al estado 27, lexema actual: 'fibona'
2025-06-25 22:24:05.168 [DEBUG] Lexer: Estado final alcanzado, tipo de token: 'var_id', lexema completo: 'fibona'
2025-06-25 22:24:05.168 [DEBUG] Lexer: Transición con 'c' al estado 27, lexema actual: 'fibonac'
2025-06-25 22:24:05.168 [DEBUG] Lexer: Estado final alcanzado, tipo de token: 'var_id', lexema completo: 'fibonac'
2025-06-25 22:24:05.168 [DEBUG] Lexer: Transición con 'c' al estado 27, lexema actual: 'fibonacc'
2025-06-25 22:24:05.168 [DEBUG] Lexer: Estado final alcanzado, tipo de token: 'var_id', lexema completo: 'fibonacc'
2025-06-25 22:24:05.168 [DEBUG] Lexer: Transición con 'i' al estado 27, lexema actual: 'fibonacci'
2025-06-25 22:24:05.168 [DEBUG] Lexer: Estado final alcanzado, tipo de token: 'var_id', lexema completo: 'fibonacci'
2025-06-25 22:24:05.168 [DEBUG] Lexer: No hay transición con '(', devolviendo token encontrado: 'fibonacci' (tipo: 'var_id')
2025-06-25 22:24:05.168 [DEBUG] Lexer: Generando token 'var_id' en línea 2, columna 10 (lexema: 'fibonacci')
2025-06-25 22:24:05.168 [DEBUG] Lexer: Analizando entrada: '(x:Int) {
  if (x > ...'
2025-06-25 22:24:05.168 [DEBUG] Lexer: Transición con '(' al estado 8, lexema actual: '('
2025-06-25 22:24:05.168 [DEBUG] Lexer: Estado final alcanzado, tipo de token: '(', lexema completo: '('
2025-06-25 22:24:05.168 [DEBUG] Lexer: No hay transición con 'x', devolviendo token encontrado: '(' (tipo: '(')
2025-06-25 22:24:05.168 [DEBUG] Lexer: Generando token '(' en línea 2, columna 19 (lexema: '(')
2025-06-25 22:24:05.168 [DEBUG] Lexer: Analizando entrada: 'x:Int) {
  if (x > 0...'
2025-06-25 22:24:05.168 [DEBUG] Lexer: Transición con 'x' al estado 27, lexema actual: 'x'
2025-06-25 22:24:05.168 [DEBUG] Lexer: Estado final alcanzado, tipo de token: 'var_id', lexema completo: 'x'
2025-06-25 22:24:05.168 [DEBUG] Lexer: No hay transición con ':', devolviendo token encontrado: 'x' (tipo: 'var_id')
2025-06-25 22:24:05.168 [DEBUG] Lexer: Generando token 'var_id' en línea 2, columna 20 (lexema: 'x')
2025-06-25 22:24:05.168 [DEBUG] Lexer: Analizando entrada: ':Int) {
  if (x > 0)...'
2025-06-25 22:24:05.168 [DEBUG] Lexer: Transición con ':' al estado 18, lexema actual: ':'
2025-06-25 22:24:05.168 [DEBUG] Lexer: Estado final alcanzado, tipo de token: ':', lexema completo: ':'
2025-06-25 22:24:05.168 [DEBUG] Lexer: No hay transición con 'I', devolviendo token encontrado: ':' (tipo: ':')
2025-06-25 22:24:05.168 [DEBUG] Lexer: Generando token ':' en línea 2, columna 21 (lexema: ':')
2025-06-25 22:24:05.168 [DEBUG] Lexer: Analizando entrada: 'Int) {
  if (x > 0) ...'
2025-06-25 22:24:05.168 [DEBUG] Lexer: Transición con 'I' al estado 24, lexema actual: 'I'
2025-06-25 22:24:05.168 [DEBUG] Lexer: Estado final alcanzado, tipo de token: 'type_id', lexema completo: 'I'
2025-06-25 22:24:05.168 [DEBUG] Lexer: Transición con 'n' al estado 24, lexema actual: 'In'
2025-06-25 22:24:05.168 [DEBUG] Lexer: Estado final alcanzado, tipo de token: 'type_id', lexema completo: 'In'
2025-06-25 22:24:05.168 [DEBUG] Lexer: Transición con 't' al estado 24, lexema actual: 'Int'
2025-06-25 22:24:05.168 [DEBUG] Lexer: Estado final alcanzado, tipo de token: 'type_id', lexema completo: 'Int'
2025-06-25 22:24:05.168 [DEBUG] Lexer: No hay transición con ')', devolviendo token encontrado: 'Int' (tipo: 'type_id')
2025-06-25 22:24:05.168 [DEBUG] Lexer: Generando token 'type_id' en línea 2, columna 22 (lexema: 'Int')
2025-06-25 22:24:05.168 [DEBUG] Lexer: Analizando entrada: ') {
  if (x > 0) {
 ...'
2025-06-25 22:24:05.168 [DEBUG] Lexer: Transición con ')' al estado 9, lexema actual: ')'
2025-06-25 22:24:05.168 [DEBUG] Lexer: Estado final alcanzado, tipo de token: ')', lexema completo: ')'
2025-06-25 22:24:05.168 [DEBUG] Lexer: No hay transición con ' ', devolviendo token encontrado: ')' (tipo: ')')
2025-06-25 22:24:05.168 [DEBUG] Lexer: Generando token ')' en línea 2, columna 25 (lexema: ')')
2025-06-25 22:24:05.168 [DEBUG] Lexer: Analizando entrada: ' {
  if (x > 0) {
  ...'
2025-06-25 22:24:05.168 [DEBUG] Lexer: Transición con ' ' al estado 3, lexema actual: ' '
2025-06-25 22:24:05.168 [DEBUG] Lexer: Estado final alcanzado, tipo de token: 'space', lexema completo: ' '
2025-06-25 22:24:05.168 [DEBUG] Lexer: No hay transición con '{', devolviendo token encontrado: ' ' (tipo: 'space')
2025-06-25 22:24:05.168 [DEBUG] Lexer: Ignorando token 'space' en línea 2, columna 26 (lexema: ' ')
2025-06-25 22:24:05.168 [DEBUG] Lexer: Analizando entrada: '{
  if (x > 0) {
   ...'
2025-06-25 22:24:05.168 [DEBUG] Lexer: Transición con '{' al estado 35, lexema actual: '{'
2025-06-25 22:24:05.168 [DEBUG] Lexer: Estado final alcanzado, tipo de token: '{', lexema completo: '{'
2025-06-25 22:24:05.168 [DEBUG] Lexer: No hay transición con '
', devolviendo token encontrado: '{' (tipo: '{')
2025-06-25 22:24:05.168 [DEBUG] Lexer: Generando token '{' en línea 2, columna 27 (lexema: '{')
2025-06-25 22:24:05.168 [DEBUG] Lexer: Analizando entrada: '
  if (x > 0) {
    ...'
2025-06-25 22:24:05.168 [DEBUG] Lexer: Transición con '
' al estado 2, lexema actual: '
'
2025-06-25 22:24:05.168 [DEBUG] Lexer: Estado final alcanzado, tipo de token: 'newline', lexema completo: '
'
2025-06-25 22:24:05.168 [DEBUG] Lexer: No hay transición con ' ', devolviendo token encontrado: '
' (tipo: 'newline')
2025-06-25 22:24:05.168 [DEBUG] Lexer: Ignorando token 'newline' en línea 2, columna 28 (lexema: '\n')
2025-06-25 22:24:05.168 [DEBUG] Lexer: Analizando entrada: '  if (x > 0) {
    f...'
2025-06-25 22:24:05.168 [DEBUG] Lexer: Transición con ' ' al estado 3, lexema actual: ' '
2025-06-25 22:24:05.168 [DEBUG] Lexer: Estado final alcanzado, tipo de token: 'space', lexema completo: ' '
2025-06-25 22:24:05.168 [DEBUG] Lexer: Transición con ' ' al estado 3, lexema actual: '  '
2025-06-25 22:24:05.168 [DEBUG] Lexer: Estado final alcanzado, tipo de token: 'space', lexema completo: '  '
2025-06-25 22:24:05.168 [DEBUG] Lexer: No hay transición con 'i', devolviendo token encontrado: '  ' (tipo: 'space')
2025-06-25 22:24:05.168 [DEBUG] Lexer: Ignorando token 'space' en línea 3, columna 1 (lexema: '  ')
2025-06-25 22:24:05.168 [DEBUG] Lexer: Analizando entrada: 'if (x > 0) {
    fib...'
2025-06-25 22:24:05.168 [DEBUG] Lexer: Transición con 'i' al estado 30, lexema actual: 'i'
2025-06-25 22:24:05.168 [DEBUG] Lexer: Estado final alcanzado, tipo de token: 'var_id', lexema completo: 'i'
2025-06-25 22:24:05.168 [DEBUG] Lexer: Transición con 'f' al estado 52, lexema actual: 'if'
2025-06-25 22:24:05.168 [DEBUG] Lexer: Estado final alcanzado, tipo de token: 'if', lexema completo: 'if'
2025-06-25 22:24:05.168 [DEBUG] Lexer: No hay transición con ' ', devolviendo token encontrado: 'if' (tipo: 'if')
2025-06-25 22:24:05.168 [DEBUG] Lexer: Generando token 'if' en línea 3, columna 3 (lexema: 'if')
2025-06-25 22:24:05.168 [DEBUG] Lexer: Analizando entrada: ' (x > 0) {
    fibon...'
2025-06-25 22:24:05.168 [DEBUG] Lexer: Transición con ' ' al estado 3, lexema actual: ' '
2025-06-25 22:24:05.168 [DEBUG] Lexer: Estado final alcanzado, tipo de token: 'space', lexema completo: ' '
2025-06-25 22:24:05.168 [DEBUG] Lexer: No hay transición con '(', devolviendo token encontrado: ' ' (tipo: 'space')
2025-06-25 22:24:05.168 [DEBUG] Lexer: Ignorando token 'space' en línea 3, columna 5 (lexema: ' ')
2025-06-25 22:24:05.168 [DEBUG] Lexer: Analizando entrada: '(x > 0) {
    fibona...'
2025-06-25 22:24:05.168 [DEBUG] Lexer: Transición con '(' al estado 8, lexema actual: '('
2025-06-25 22:24:05.168 [DEBUG] Lexer: Estado final alcanzado, tipo de token: '(', lexema completo: '('
2025-06-25 22:24:05.168 [DEBUG] Lexer: No hay transición con 'x', devolviendo token encontrado: '(' (tipo: '(')
2025-06-25 22:24:05.168 [DEBUG] Lexer: Generando token '(' en línea 3, columna 6 (lexema: '(')
2025-06-25 22:24:05.168 [DEBUG] Lexer: Analizando entrada: 'x > 0) {
    fibonac...'
2025-06-25 22:24:05.168 [DEBUG] Lexer: Transición con 'x' al estado 27, lexema actual: 'x'
2025-06-25 22:24:05.168 [DEBUG] Lexer: Estado final alcanzado, tipo de token: 'var_id', lexema completo: 'x'
2025-06-25 22:24:05.168 [DEBUG] Lexer: No hay transición con ' ', devolviendo token encontrado: 'x' (tipo: 'var_id')
2025-06-25 22:24:05.168 [DEBUG] Lexer: Generando token 'var_id' en línea 3, columna 7 (lexema: 'x')
2025-06-25 22:24:05.168 [DEBUG] Lexer: Analizando entrada: ' > 0) {
    fibonacc...'
2025-06-25 22:24:05.168 [DEBUG] Lexer: Transición con ' ' al estado 3, lexema actual: ' '
2025-06-25 22:24:05.168 [DEBUG] Lexer: Estado final alcanzado, tipo de token: 'space', lexema completo: ' '
2025-06-25 22:24:05.168 [DEBUG] Lexer: No hay transición con '>', devolviendo token encontrado: ' ' (tipo: 'space')
2025-06-25 22:24:05.168 [DEBUG] Lexer: Ignorando token 'space' en línea 3, columna 8 (lexema: ' ')
2025-06-25 22:24:05.168 [DEBUG] Lexer: Analizando entrada: '> 0) {
    fibonacci...'
2025-06-25 22:24:05.168 [DEBUG] Lexer: Transición con '>' al estado 22, lexema actual: '>'
2025-06-25 22:24:05.168 [DEBUG] Lexer: Estado final alcanzado, tipo de token: '>', lexema completo: '>'
2025-06-25 22:24:05.168 [DEBUG] Lexer: No hay transición con ' ', devolviendo token encontrado: '>' (tipo: '>')
2025-06-25 22:24:05.168 [DEBUG] Lexer: Generando token '>' en línea 3, columna 9 (lexema: '>')
2025-06-25 22:24:05.168 [DEBUG] Lexer: Analizando entrada: ' 0) {
    fibonacci(...'
2025-06-25 22:24:05.168 [DEBUG] Lexer: Transición con ' ' al estado 3, lexema actual: ' '
2025-06-25 22:24:05.168 [DEBUG] Lexer: Estado final alcanzado, tipo de token: 'space', lexema completo: ' '
2025-06-25 22:24:05.168 [DEBUG] Lexer: No hay transición con '0', devolviendo token encontrado: ' ' (tipo: 'space')
2025-06-25 22:24:05.168 [DEBUG] Lexer: Ignorando token 'space' en línea 3, columna 10 (lexema: ' ')
2025-06-25 22:24:05.168 [DEBUG] Lexer: Analizando entrada: '0) {
    fibonacci(x...'
2025-06-25 22:24:05.168 [DEBUG] Lexer: Transición con '0' al estado 16, lexema actual: '0'
2025-06-25 22:24:05.168 [DEBUG] Lexer: Estado final alcanzado, tipo de token: 'number', lexema completo: '0'
2025-06-25 22:24:05.168 [DEBUG] Lexer: No hay transición con ')', devolviendo token encontrado: '0' (tipo: 'number')
2025-06-25 22:24:05.168 [DEBUG] Lexer: Generando token 'number' en línea 3, columna 11 (lexema: '0')
2025-06-25 22:24:05.168 [DEBUG] Lexer: Analizando entrada: ') {
    fibonacci(x-...'
2025-06-25 22:24:05.168 [DEBUG] Lexer: Transición con ')' al estado 9, lexema actual: ')'
2025-06-25 22:24:05.168 [DEBUG] Lexer: Estado final alcanzado, tipo de token: ')', lexema completo: ')'
2025-06-25 22:24:05.168 [DEBUG] Lexer: No hay transición con ' ', devolviendo token encontrado: ')' (tipo: ')')
2025-06-25 22:24:05.168 [DEBUG] Lexer: Generando token ')' en línea 3, columna 12 (lexema: ')')
2025-06-25 22:24:05.168 [DEBUG] Lexer: Analizando entrada: ' {
    fibonacci(x-1...'
2025-06-25 22:24:05.168 [DEBUG] Lexer: Transición con ' ' al estado 3, lexema actual: ' '
2025-06-25 22:24:05.168 [DEBUG] Lexer: Estado final alcanzado, tipo de token: 'space', lexema completo: ' '
2025-06-25 22:24:05.168 [DEBUG] Lexer: No hay transición con '{', devolviendo token encontrado: ' ' (tipo: 'space')
2025-06-25 22:24:05.168 [DEBUG] Lexer: Ignorando token 'space' en línea 3, columna 13 (lexema: ' ')
2025-06-25 22:24:05.168 [DEBUG] Lexer: Analizando entrada: '{
    fibonacci(x-1)...'
2025-06-25 22:24:05.168 [DEBUG] Lexer: Transición con '{' al estado 35, lexema actual: '{'
2025-06-25 22:24:05.168 [DEBUG] Lexer: Estado final alcanzado, tipo de token: '{', lexema completo: '{'
2025-06-25 22:24:05.168 [DEBUG] Lexer: No hay transición con '
', devolviendo token encontrado: '{' (tipo: '{')
2025-06-25 22:24:05.168 [DEBUG] Lexer: Generando token '{' en línea 3, columna 14 (lexema: '{')
2025-06-25 22:24:05.168 [DEBUG] Lexer: Analizando entrada: '
    fibonacci(x-1) ...'
2025-06-25 22:24:05.168 [DEBUG] Lexer: Transición con '
' al estado 2, lexema actual: '
'
2025-06-25 22:24:05.168 [DEBUG] Lexer: Estado final alcanzado, tipo de token: 'newline', lexema completo: '
'
2025-06-25 22:24:05.168 [DEBUG] Lexer: No hay transición con ' ', devolviendo token encontrado: '
' (tipo: 'newline')
2025-06-25 22:24:05.168 [DEBUG] Lexer: Ignorando token 'newline' en línea 3, columna 15 (lexema: '\n')
2025-06-25 22:24:05.168 [DEBUG] Lexer: Analizando entrada: '    fibonacci(x-1) +...'
2025-06-25 22:24:05.168 [DEBUG] Lexer: Transición con ' ' al estado 3, lexema actual: ' '
2025-06-25 22:24:05.168 [DEBUG] Lexer: Estado final alcanzado, tipo de token: 'space', lexema completo: ' '
2025-06-25 22:24:05.168 [DEBUG] Lexer: Transición con ' ' al estado 3, lexema actual: '  '
2025-06-25 22:24:05.168 [DEBUG] Lexer: Estado final alcanzado, tipo de token: 'space', lexema completo: '  '
2025-06-25 22:24:05.168 [DEBUG] Lexer: Transición con ' ' al estado 3, lexema actual: '   '
2025-06-25 22:24:05.168 [DEBUG] Lexer: Estado final alcanzado, tipo de token: 'space', lexema completo: '   '
2025-06-25 22:24:05.168 [DEBUG] Lexer: Transición con ' ' al estado 3, lexema actual: '    '
2025-06-25 22:24:05.168 [DEBUG] Lexer: Estado final alcanzado, tipo de token: 'space', lexema completo: '    '
2025-06-25 22:24:05.168 [DEBUG] Lexer: No hay transición con 'f', devolviendo token encontrado: '    ' (tipo: 'space')
2025-06-25 22:24:05.168 [DEBUG] Lexer: Ignorando token 'space' en línea 4, columna 1 (lexema: '    ')
2025-06-25 22:24:05.168 [DEBUG] Lexer: Analizando entrada: 'fibonacci(x-1) + fib...'
2025-06-25 22:24:05.168 [DEBUG] Lexer: Transición con 'f' al estado 29, lexema actual: 'f'
2025-06-25 22:24:05.168 [DEBUG] Lexer: Estado final alcanzado, tipo de token: 'var_id', lexema completo: 'f'
2025-06-25 22:24:05.168 [DEBUG] Lexer: Transición con 'i' al estado 27, lexema actual: 'fi'
2025-06-25 22:24:05.169 [DEBUG] Lexer: Estado final alcanzado, tipo de token: 'var_id', lexema completo: 'fi'
2025-06-25 22:24:05.169 [DEBUG] Lexer: Transición con 'b' al estado 27, lexema actual: 'fib'
2025-06-25 22:24:05.169 [DEBUG] Lexer: Estado final alcanzado, tipo de token: 'var_id', lexema completo: 'fib'
2025-06-25 22:24:05.169 [DEBUG] Lexer: Transición con 'o' al estado 27, lexema actual: 'fibo'
2025-06-25 22:24:05.169 [DEBUG] Lexer: Estado final alcanzado, tipo de token: 'var_id', lexema completo: 'fibo'
2025-06-25 22:24:05.169 [DEBUG] Lexer: Transición con 'n' al estado 27, lexema actual: 'fibon'
2025-06-25 22:24:05.169 [DEBUG] Lexer: Estado final alcanzado, tipo de token: 'var_id', lexema completo: 'fibon'
2025-06-25 22:24:05.169 [DEBUG] Lexer: Transición con 'a' al estado 27, lexema actual: 'fibona'
2025-06-25 22:24:05.169 [DEBUG] Lexer: Estado final alcanzado, tipo de token: 'var_id', lexema completo: 'fibona'
2025-06-25 22:24:05.169 [DEBUG] Lexer: Transición con 'c' al estado 27, lexema actual: 'fibonac'
2025-06-25 22:24:05.169 [DEBUG] Lexer: Estado final alcanzado, tipo de token: 'var_id', lexema completo: 'fibonac'
2025-06-25 22:24:05.169 [DEBUG] Lexer: Transición con 'c' al estado 27, lexema actual: 'fibonacc'
2025-06-25 22:24:05.169 [DEBUG] Lexer: Estado final alcanzado, tipo de token: 'var_id', lexema completo: 'fibonacc'
2025-06-25 22:24:05.169 [DEBUG] Lexer: Transición con 'i' al estado 27, lexema actual: 'fibonacci'
2025-06-25 22:24:05.169 [DEBUG] Lexer: Estado final alcanzado, tipo de token: 'var_id', lexema completo: 'fibonacci'
2025-06-25 22:24:05.169 [DEBUG] Lexer: No hay transición con '(', devolviendo token encontrado: 'fibonacci' (tipo: 'var_id')
2025-06-25 22:24:05.169 [DEBUG] Lexer: Generando token 'var_id' en línea 4, columna 5 (lexema: 'fibonacci')
2025-06-25 22:24:05.169 [DEBUG] Lexer: Analizando entrada: '(x-1) + fibonacci(x-...'
2025-06-25 22:24:05.169 [DEBUG] Lexer: Transición con '(' al estado 8, lexema actual: '('
2025-06-25 22:24:05.169 [DEBUG] Lexer: Estado final alcanzado, tipo de token: '(', lexema completo: '('
2025-06-25 22:24:05.169 [DEBUG] Lexer: No hay transición con 'x', devolviendo token encontrado: '(' (tipo: '(')
2025-06-25 22:24:05.169 [DEBUG] Lexer: Generando token '(' en línea 4, columna 14 (lexema: '(')
2025-06-25 22:24:05.169 [DEBUG] Lexer: Analizando entrada: 'x-1) + fibonacci(x-2...'
2025-06-25 22:24:05.169 [DEBUG] Lexer: Transición con 'x' al estado 27, lexema actual: 'x'
2025-06-25 22:24:05.169 [DEBUG] Lexer: Estado final alcanzado, tipo de token: 'var_id', lexema completo: 'x'
2025-06-25 22:24:05.169 [DEBUG] Lexer: No hay transición con '-', devolviendo token encontrado: 'x' (tipo: 'var_id')
2025-06-25 22:24:05.169 [DEBUG] Lexer: Generando token 'var_id' en línea 4, columna 15 (lexema: 'x')
2025-06-25 22:24:05.169 [DEBUG] Lexer: Analizando entrada: '-1) + fibonacci(x-2)...'
2025-06-25 22:24:05.169 [DEBUG] Lexer: Transición con '-' al estado 13, lexema actual: '-'
2025-06-25 22:24:05.169 [DEBUG] Lexer: Estado final alcanzado, tipo de token: '-', lexema completo: '-'
2025-06-25 22:24:05.169 [DEBUG] Lexer: No hay transición con '1', devolviendo token encontrado: '-' (tipo: '-')
2025-06-25 22:24:05.169 [DEBUG] Lexer: Generando token '-' en línea 4, columna 16 (lexema: '-')
2025-06-25 22:24:05.169 [DEBUG] Lexer: Analizando entrada: '1) + fibonacci(x-2);...'
2025-06-25 22:24:05.169 [DEBUG] Lexer: Transición con '1' al estado 17, lexema actual: '1'
2025-06-25 22:24:05.169 [DEBUG] Lexer: Estado final alcanzado, tipo de token: 'number', lexema completo: '1'
2025-06-25 22:24:05.169 [DEBUG] Lexer: No hay transición con ')', devolviendo token encontrado: '1' (tipo: 'number')
2025-06-25 22:24:05.169 [DEBUG] Lexer: Generando token 'number' en línea 4, columna 17 (lexema: '1')
2025-06-25 22:24:05.169 [DEBUG] Lexer: Analizando entrada: ') + fibonacci(x-2);
...'
2025-06-25 22:24:05.169 [DEBUG] Lexer: Transición con ')' al estado 9, lexema actual: ')'
2025-06-25 22:24:05.169 [DEBUG] Lexer: Estado final alcanzado, tipo de token: ')', lexema completo: ')'
2025-06-25 22:24:05.169 [DEBUG] Lexer: No hay transición con ' ', devolviendo token encontrado: ')' (tipo: ')')
2025-06-25 22:24:05.169 [DEBUG] Lexer: Generando token ')' en línea 4, columna 18 (lexema: ')')
2025-06-25 22:24:05.169 [DEBUG] Lexer: Analizando entrada: ' + fibonacci(x-2);
 ...'
2025-06-25 22:24:05.169 [DEBUG] Lexer: Transición con ' ' al estado 3, lexema actual: ' '
2025-06-25 22:24:05.169 [DEBUG] Lexer: Estado final alcanzado, tipo de token: 'space', lexema completo: ' '
2025-06-25 22:24:05.169 [DEBUG] Lexer: No hay transición con '+', devolviendo token encontrado: ' ' (tipo: 'space')
2025-06-25 22:24:05.169 [DEBUG] Lexer: Ignorando token 'space' en línea 4, columna 19 (lexema: ' ')
2025-06-25 22:24:05.169 [DEBUG] Lexer: Analizando entrada: '+ fibonacci(x-2);
  ...'
2025-06-25 22:24:05.169 [DEBUG] Lexer: Transición con '+' al estado 11, lexema actual: '+'
2025-06-25 22:24:05.169 [DEBUG] Lexer: Estado final alcanzado, tipo de token: '+', lexema completo: '+'
2025-06-25 22:24:05.169 [DEBUG] Lexer: No hay transición con ' ', devolviendo token encontrado: '+' (tipo: '+')
2025-06-25 22:24:05.169 [DEBUG] Lexer: Generando token '+' en línea 4, columna 20 (lexema: '+')
2025-06-25 22:24:05.169 [DEBUG] Lexer: Analizando entrada: ' fibonacci(x-2);
  }...'
2025-06-25 22:24:05.169 [DEBUG] Lexer: Transición con ' ' al estado 3, lexema actual: ' '
2025-06-25 22:24:05.169 [DEBUG] Lexer: Estado final alcanzado, tipo de token: 'space', lexema completo: ' '
2025-06-25 22:24:05.169 [DEBUG] Lexer: No hay transición con 'f', devolviendo token encontrado: ' ' (tipo: 'space')
2025-06-25 22:24:05.169 [DEBUG] Lexer: Ignorando token 'space' en línea 4, columna 21 (lexema: ' ')
2025-06-25 22:24:05.169 [DEBUG] Lexer: Analizando entrada: 'fibonacci(x-2);
  }
...'
2025-06-25 22:24:05.169 [DEBUG] Lexer: Transición con 'f' al estado 29, lexema actual: 'f'
2025-06-25 22:24:05.169 [DEBUG] Lexer: Estado final alcanzado, tipo de token: 'var_id', lexema completo: 'f'
2025-06-25 22:24:05.169 [DEBUG] Lexer: Transición con 'i' al estado 27, lexema actual: 'fi'
2025-06-25 22:24:05.169 [DEBUG] Lexer: Estado final alcanzado, tipo de token: 'var_id', lexema completo: 'fi'
2025-06-25 22:24:05.169 [DEBUG] Lexer: Transición con 'b' al estado 27, lexema actual: 'fib'
2025-06-25 22:24:05.169 [DEBUG] Lexer: Estado final alcanzado, tipo de token: 'var_id', lexema completo: 'fib'
2025-06-25 22:24:05.169 [DEBUG] Lexer: Transición con 'o' al estado 27, lexema actual: 'fibo'
2025-06-25 22:24:05.169 [DEBUG] Lexer: Estado final alcanzado, tipo de token: 'var_id', lexema completo: 'fibo'
2025-06-25 22:24:05.169 [DEBUG] Lexer: Transición con 'n' al estado 27, lexema actual: 'fibon'
2025-06-25 22:24:05.169 [DEBUG] Lexer: Estado final alcanzado, tipo de token: 'var_id', lexema completo: 'fibon'
2025-06-25 22:24:05.169 [DEBUG] Lexer: Transición con 'a' al estado 27, lexema actual: 'fibona'
2025-06-25 22:24:05.169 [DEBUG] Lexer: Estado final alcanzado, tipo de token: 'var_id', lexema completo: 'fibona'
2025-06-25 22:24:05.169 [DEBUG] Lexer: Transición con 'c' al estado 27, lexema actual: 'fibonac'
2025-06-25 22:24:05.169 [DEBUG] Lexer: Estado final alcanzado, tipo de token: 'var_id', lexema completo: 'fibonac'
2025-06-25 22:24:05.169 [DEBUG] Lexer: Transición con 'c' al estado 27, lexema actual: 'fibonacc'
2025-06-25 22:24:05.169 [DEBUG] Lexer: Estado final alcanzado, tipo de token: 'var_id', lexema completo: 'fibonacc'
2025-06-25 22:24:05.169 [DEBUG] Lexer: Transición con 'i' al estado 27, lexema actual: 'fibonacci'
2025-06-25 22:24:05.169 [DEBUG] Lexer: Estado final alcanzado, tipo de token: 'var_id', lexema completo: 'fibonacci'
2025-06-25 22:24:05.169 [DEBUG] Lexer: No hay transición con '(', devolviendo token encontrado: 'fibonacci' (tipo: 'var_id')
2025-06-25 22:24:05.169 [DEBUG] Lexer: Generando token 'var_id' en línea 4, columna 22 (lexema: 'fibonacci')
2025-06-25 22:24:05.169 [DEBUG] Lexer: Analizando entrada: '(x-2);
  }
  else {
...'
2025-06-25 22:24:05.169 [DEBUG] Lexer: Transición con '(' al estado 8, lexema actual: '('
2025-06-25 22:24:05.169 [DEBUG] Lexer: Estado final alcanzado, tipo de token: '(', lexema completo: '('
2025-06-25 22:24:05.169 [DEBUG] Lexer: No hay transición con 'x', devolviendo token encontrado: '(' (tipo: '(')
2025-06-25 22:24:05.169 [DEBUG] Lexer: Generando token '(' en línea 4, columna 31 (lexema: '(')
2025-06-25 22:24:05.169 [DEBUG] Lexer: Analizando entrada: 'x-2);
  }
  else {
 ...'
2025-06-25 22:24:05.169 [DEBUG] Lexer: Transición con 'x' al estado 27, lexema actual: 'x'
2025-06-25 22:24:05.169 [DEBUG] Lexer: Estado final alcanzado, tipo de token: 'var_id', lexema completo: 'x'
2025-06-25 22:24:05.169 [DEBUG] Lexer: No hay transición con '-', devolviendo token encontrado: 'x' (tipo: 'var_id')
2025-06-25 22:24:05.169 [DEBUG] Lexer: Generando token 'var_id' en línea 4, columna 32 (lexema: 'x')
2025-06-25 22:24:05.169 [DEBUG] Lexer: Analizando entrada: '-2);
  }
  else {
  ...'
2025-06-25 22:24:05.169 [DEBUG] Lexer: Transición con '-' al estado 13, lexema actual: '-'
2025-06-25 22:24:05.169 [DEBUG] Lexer: Estado final alcanzado, tipo de token: '-', lexema completo: '-'
2025-06-25 22:24:05.169 [DEBUG] Lexer: No hay transición con '2', devolviendo token encontrado: '-' (tipo: '-')
2025-06-25 22:24:05.169 [DEBUG] Lexer: Generando token '-' en línea 4, columna 33 (lexema: '-')
2025-06-25 22:24:05.169 [DEBUG] Lexer: Analizando entrada: '2);
  }
  else {
   ...'
2025-06-25 22:24:05.169 [DEBUG] Lexer: Transición con '2' al estado 17, lexema actual: '2'
2025-06-25 22:24:05.169 [DEBUG] Lexer: Estado final alcanzado, tipo de token: 'number', lexema completo: '2'
2025-06-25 22:24:05.169 [DEBUG] Lexer: No hay transición con ')', devolviendo token encontrado: '2' (tipo: 'number')
2025-06-25 22:24:05.169 [DEBUG] Lexer: Generando token 'number' en línea 4, columna 34 (lexema: '2')
2025-06-25 22:24:05.169 [DEBUG] Lexer: Analizando entrada: ');
  }
  else {
    ...'
2025-06-25 22:24:05.169 [DEBUG] Lexer: Transición con ')' al estado 9, lexema actual: ')'
2025-06-25 22:24:05.169 [DEBUG] Lexer: Estado final alcanzado, tipo de token: ')', lexema completo: ')'
2025-06-25 22:24:05.169 [DEBUG] Lexer: No hay transición con ';', devolviendo token encontrado: ')' (tipo: ')')
2025-06-25 22:24:05.169 [DEBUG] Lexer: Generando token ')' en línea 4, columna 35 (lexema: ')')
2025-06-25 22:24:05.169 [DEBUG] Lexer: Analizando entrada: ';
  }
  else {
    x...'
2025-06-25 22:24:05.169 [DEBUG] Lexer: Transición con ';' al estado 19, lexema actual: ';'
2025-06-25 22:24:05.169 [DEBUG] Lexer: Estado final alcanzado, tipo de token: ';', lexema completo: ';'
2025-06-25 22:24:05.169 [DEBUG] Lexer: No hay transición con '
', devolviendo token encontrado: ';' (tipo: ';')
2025-06-25 22:24:05.169 [DEBUG] Lexer: Generando token ';' en línea 4, columna 36 (lexema: ';')
2025-06-25 22:24:05.169 [DEBUG] Lexer: Analizando entrada: '
  }
  else {
    x ...'
2025-06-25 22:24:05.169 [DEBUG] Lexer: Transición con '
' al estado 2, lexema actual: '
'
2025-06-25 22:24:05.169 [DEBUG] Lexer: Estado final alcanzado, tipo de token: 'newline', lexema completo: '
'
2025-06-25 22:24:05.169 [DEBUG] Lexer: No hay transición con ' ', devolviendo token encontrado: '
' (tipo: 'newline')
2025-06-25 22:24:05.169 [DEBUG] Lexer: Ignorando token 'newline' en línea 4, columna 37 (lexema: '\n')
2025-06-25 22:24:05.169 [DEBUG] Lexer: Analizando entrada: '  }
  else {
    x =...'
2025-06-25 22:24:05.169 [DEBUG] Lexer: Transición con ' ' al estado 3, lexema actual: ' '
2025-06-25 22:24:05.169 [DEBUG] Lexer: Estado final alcanzado, tipo de token: 'space', lexema completo: ' '
2025-06-25 22:24:05.169 [DEBUG] Lexer: Transición con ' ' al estado 3, lexema actual: '  '
2025-06-25 22:24:05.169 [DEBUG] Lexer: Estado final alcanzado, tipo de token: 'space', lexema completo: '  '
2025-06-25 22:24:05.169 [DEBUG] Lexer: No hay transición con '}', devolviendo token encontrado: '  ' (tipo: 'space')
2025-06-25 22:24:05.169 [DEBUG] Lexer: Ignorando token 'space' en línea 5, columna 1 (lexema: '  ')
2025-06-25 22:24:05.169 [DEBUG] Lexer: Analizando entrada: '}
  else {
    x = 1...'
2025-06-25 22:24:05.169 [DEBUG] Lexer: Transición con '}' al estado 37, lexema actual: '}'
2025-06-25 22:24:05.169 [DEBUG] Lexer: Estado final alcanzado, tipo de token: '}', lexema completo: '}'
2025-06-25 22:24:05.169 [DEBUG] Lexer: No hay transición con '
', devolviendo token encontrado: '}' (tipo: '}')
2025-06-25 22:24:05.169 [DEBUG] Lexer: Generando token '}' en línea 5, columna 3 (lexema: '}')
2025-06-25 22:24:05.169 [DEBUG] Lexer: Analizando entrada: '
  else {
    x = 1;...'
2025-06-25 22:24:05.169 [DEBUG] Lexer: Transición con '
' al estado 2, lexema actual: '
'
2025-06-25 22:24:05.169 [DEBUG] Lexer: Estado final alcanzado, tipo de token: 'newline', lexema completo: '
'
2025-06-25 22:24:05.169 [DEBUG] Lexer: No hay transición con ' ', devolviendo token encontrado: '
' (tipo: 'newline')
2025-06-25 22:24:05.169 [DEBUG] Lexer: Ignorando token 'newline' en línea 5, columna 4 (lexema: '\n')
2025-06-25 22:24:05.169 [DEBUG] Lexer: Analizando entrada: '  else {
    x = 1;
...'
2025-06-25 22:24:05.169 [DEBUG] Lexer: Transición con ' ' al estado 3, lexema actual: ' '
2025-06-25 22:24:05.169 [DEBUG] Lexer: Estado final alcanzado, tipo de token: 'space', lexema completo: ' '
2025-06-25 22:24:05.169 [DEBUG] Lexer: Transición con ' ' al estado 3, lexema actual: '  '
2025-06-25 22:24:05.169 [DEBUG] Lexer: Estado final alcanzado, tipo de token: 'space', lexema completo: '  '
2025-06-25 22:24:05.169 [DEBUG] Lexer: No hay transición con 'e', devolviendo token encontrado: '  ' (tipo: 'space')
2025-06-25 22:24:05.169 [DEBUG] Lexer: Ignorando token 'space' en línea 6, columna 1 (lexema: '  ')
2025-06-25 22:24:05.169 [DEBUG] Lexer: Analizando entrada: 'else {
    x = 1;
  ...'
2025-06-25 22:24:05.169 [DEBUG] Lexer: Transición con 'e' al estado 28, lexema actual: 'e'
2025-06-25 22:24:05.169 [DEBUG] Lexer: Estado final alcanzado, tipo de token: 'var_id', lexema completo: 'e'
2025-06-25 22:24:05.169 [DEBUG] Lexer: Transición con 'l' al estado 72, lexema actual: 'el'
2025-06-25 22:24:05.170 [DEBUG] Lexer: Estado final alcanzado, tipo de token: 'var_id', lexema completo: 'el'
2025-06-25 22:24:05.170 [DEBUG] Lexer: Transición con 's' al estado 74, lexema actual: 'els'
2025-06-25 22:24:05.170 [DEBUG] Lexer: Estado final alcanzado, tipo de token: 'var_id', lexema completo: 'els'
2025-06-25 22:24:05.170 [DEBUG] Lexer: Transición con 'e' al estado 75, lexema actual: 'else'
2025-06-25 22:24:05.170 [DEBUG] Lexer: Estado final alcanzado, tipo de token: 'else', lexema completo: 'else'
2025-06-25 22:24:05.170 [DEBUG] Lexer: No hay transición con ' ', devolviendo token encontrado: 'else' (tipo: 'else')
2025-06-25 22:24:05.170 [DEBUG] Lexer: Generando token 'else' en línea 6, columna 3 (lexema: 'else')
2025-06-25 22:24:05.170 [DEBUG] Lexer: Analizando entrada: ' {
    x = 1;
  };
}...'
2025-06-25 22:24:05.170 [DEBUG] Lexer: Transición con ' ' al estado 3, lexema actual: ' '
2025-06-25 22:24:05.170 [DEBUG] Lexer: Estado final alcanzado, tipo de token: 'space', lexema completo: ' '
2025-06-25 22:24:05.170 [DEBUG] Lexer: No hay transición con '{', devolviendo token encontrado: ' ' (tipo: 'space')
2025-06-25 22:24:05.170 [DEBUG] Lexer: Ignorando token 'space' en línea 6, columna 7 (lexema: ' ')
2025-06-25 22:24:05.170 [DEBUG] Lexer: Analizando entrada: '{
    x = 1;
  };
}
...'
2025-06-25 22:24:05.170 [DEBUG] Lexer: Transición con '{' al estado 35, lexema actual: '{'
2025-06-25 22:24:05.170 [DEBUG] Lexer: Estado final alcanzado, tipo de token: '{', lexema completo: '{'
2025-06-25 22:24:05.170 [DEBUG] Lexer: No hay transición con '
', devolviendo token encontrado: '{' (tipo: '{')
2025-06-25 22:24:05.170 [DEBUG] Lexer: Generando token '{' en línea 6, columna 8 (lexema: '{')
2025-06-25 22:24:05.170 [DEBUG] Lexer: Analizando entrada: '
    x = 1;
  };
}
t...'
2025-06-25 22:24:05.170 [DEBUG] Lexer: Transición con '
' al estado 2, lexema actual: '
'
2025-06-25 22:24:05.170 [DEBUG] Lexer: Estado final alcanzado, tipo de token: 'newline', lexema completo: '
'
2025-06-25 22:24:05.170 [DEBUG] Lexer: No hay transición con ' ', devolviendo token encontrado: '
' (tipo: 'newline')
2025-06-25 22:24:05.170 [DEBUG] Lexer: Ignorando token 'newline' en línea 6, columna 9 (lexema: '\n')
2025-06-25 22:24:05.170 [DEBUG] Lexer: Analizando entrada: '    x = 1;
  };
}
ty...'
2025-06-25 22:24:05.170 [DEBUG] Lexer: Transición con ' ' al estado 3, lexema actual: ' '
2025-06-25 22:24:05.170 [DEBUG] Lexer: Estado final alcanzado, tipo de token: 'space', lexema completo: ' '
2025-06-25 22:24:05.170 [DEBUG] Lexer: Transición con ' ' al estado 3, lexema actual: '  '
2025-06-25 22:24:05.170 [DEBUG] Lexer: Estado final alcanzado, tipo de token: 'space', lexema completo: '  '
2025-06-25 22:24:05.170 [DEBUG] Lexer: Transición con ' ' al estado 3, lexema actual: '   '
2025-06-25 22:24:05.170 [DEBUG] Lexer: Estado final alcanzado, tipo de token: 'space', lexema completo: '   '
2025-06-25 22:24:05.170 [DEBUG] Lexer: Transición con ' ' al estado 3, lexema actual: '    '
2025-06-25 22:24:05.170 [DEBUG] Lexer: Estado final alcanzado, tipo de token: 'space', lexema completo: '    '
2025-06-25 22:24:05.170 [DEBUG] Lexer: No hay transición con 'x', devolviendo token encontrado: '    ' (tipo: 'space')
2025-06-25 22:24:05.170 [DEBUG] Lexer: Ignorando token 'space' en línea 7, columna 1 (lexema: '    ')
2025-06-25 22:24:05.170 [DEBUG] Lexer: Analizando entrada: 'x = 1;
  };
}
type P...'
2025-06-25 22:24:05.170 [DEBUG] Lexer: Transición con 'x' al estado 27, lexema actual: 'x'
2025-06-25 22:24:05.170 [DEBUG] Lexer: Estado final alcanzado, tipo de token: 'var_id', lexema completo: 'x'
2025-06-25 22:24:05.170 [DEBUG] Lexer: No hay transición con ' ', devolviendo token encontrado: 'x' (tipo: 'var_id')
2025-06-25 22:24:05.170 [DEBUG] Lexer: Generando token 'var_id' en línea 7, columna 5 (lexema: 'x')
2025-06-25 22:24:05.170 [DEBUG] Lexer: Analizando entrada: ' = 1;
  };
}
type Po...'
2025-06-25 22:24:05.170 [DEBUG] Lexer: Transición con ' ' al estado 3, lexema actual: ' '
2025-06-25 22:24:05.170 [DEBUG] Lexer: Estado final alcanzado, tipo de token: 'space', lexema completo: ' '
2025-06-25 22:24:05.170 [DEBUG] Lexer: No hay transición con '=', devolviendo token encontrado: ' ' (tipo: 'space')
2025-06-25 22:24:05.170 [DEBUG] Lexer: Ignorando token 'space' en línea 7, columna 6 (lexema: ' ')
2025-06-25 22:24:05.170 [DEBUG] Lexer: Analizando entrada: '= 1;
  };
}
type Poi...'
2025-06-25 22:24:05.170 [DEBUG] Lexer: Transición con '=' al estado 21, lexema actual: '='
2025-06-25 22:24:05.170 [DEBUG] Lexer: Estado final alcanzado, tipo de token: '=', lexema completo: '='
2025-06-25 22:24:05.170 [DEBUG] Lexer: No hay transición con ' ', devolviendo token encontrado: '=' (tipo: '=')
2025-06-25 22:24:05.170 [DEBUG] Lexer: Generando token '=' en línea 7, columna 7 (lexema: '=')
2025-06-25 22:24:05.170 [DEBUG] Lexer: Analizando entrada: ' 1;
  };
}
type Poin...'
2025-06-25 22:24:05.170 [DEBUG] Lexer: Transición con ' ' al estado 3, lexema actual: ' '
2025-06-25 22:24:05.170 [DEBUG] Lexer: Estado final alcanzado, tipo de token: 'space', lexema completo: ' '
2025-06-25 22:24:05.170 [DEBUG] Lexer: No hay transición con '1', devolviendo token encontrado: ' ' (tipo: 'space')
2025-06-25 22:24:05.170 [DEBUG] Lexer: Ignorando token 'space' en línea 7, columna 8 (lexema: ' ')
2025-06-25 22:24:05.170 [DEBUG] Lexer: Analizando entrada: '1;
  };
}
type Point...'
2025-06-25 22:24:05.170 [DEBUG] Lexer: Transición con '1' al estado 17, lexema actual: '1'
2025-06-25 22:24:05.170 [DEBUG] Lexer: Estado final alcanzado, tipo de token: 'number', lexema completo: '1'
2025-06-25 22:24:05.170 [DEBUG] Lexer: No hay transición con ';', devolviendo token encontrado: '1' (tipo: 'number')
2025-06-25 22:24:05.170 [DEBUG] Lexer: Generando token 'number' en línea 7, columna 9 (lexema: '1')
2025-06-25 22:24:05.170 [DEBUG] Lexer: Analizando entrada: ';
  };
}
type Point ...'
2025-06-25 22:24:05.170 [DEBUG] Lexer: Transición con ';' al estado 19, lexema actual: ';'
2025-06-25 22:24:05.170 [DEBUG] Lexer: Estado final alcanzado, tipo de token: ';', lexema completo: ';'
2025-06-25 22:24:05.170 [DEBUG] Lexer: No hay transición con '
', devolviendo token encontrado: ';' (tipo: ';')
2025-06-25 22:24:05.170 [DEBUG] Lexer: Generando token ';' en línea 7, columna 10 (lexema: ';')
2025-06-25 22:24:05.170 [DEBUG] Lexer: Analizando entrada: '
  };
}
type Point {...'
2025-06-25 22:24:05.170 [DEBUG] Lexer: Transición con '
' al estado 2, lexema actual: '
'
2025-06-25 22:24:05.170 [DEBUG] Lexer: Estado final alcanzado, tipo de token: 'newline', lexema completo: '
'
2025-06-25 22:24:05.170 [DEBUG] Lexer: No hay transición con ' ', devolviendo token encontrado: '
' (tipo: 'newline')
2025-06-25 22:24:05.170 [DEBUG] Lexer: Ignorando token 'newline' en línea 7, columna 11 (lexema: '\n')
2025-06-25 22:24:05.170 [DEBUG] Lexer: Analizando entrada: '  };
}
type Point {
...'
2025-06-25 22:24:05.170 [DEBUG] Lexer: Transición con ' ' al estado 3, lexema actual: ' '
2025-06-25 22:24:05.170 [DEBUG] Lexer: Estado final alcanzado, tipo de token: 'space', lexema completo: ' '
2025-06-25 22:24:05.170 [DEBUG] Lexer: Transición con ' ' al estado 3, lexema actual: '  '
2025-06-25 22:24:05.170 [DEBUG] Lexer: Estado final alcanzado, tipo de token: 'space', lexema completo: '  '
2025-06-25 22:24:05.170 [DEBUG] Lexer: No hay transición con '}', devolviendo token encontrado: '  ' (tipo: 'space')
2025-06-25 22:24:05.170 [DEBUG] Lexer: Ignorando token 'space' en línea 8, columna 1 (lexema: '  ')
2025-06-25 22:24:05.170 [DEBUG] Lexer: Analizando entrada: '};
}
type Point {
  ...'
2025-06-25 22:24:05.170 [DEBUG] Lexer: Transición con '}' al estado 37, lexema actual: '}'
2025-06-25 22:24:05.170 [DEBUG] Lexer: Estado final alcanzado, tipo de token: '}', lexema completo: '}'
2025-06-25 22:24:05.170 [DEBUG] Lexer: No hay transición con ';', devolviendo token encontrado: '}' (tipo: '}')
2025-06-25 22:24:05.170 [DEBUG] Lexer: Generando token '}' en línea 8, columna 3 (lexema: '}')
2025-06-25 22:24:05.170 [DEBUG] Lexer: Analizando entrada: ';
}
type Point {
  x...'
2025-06-25 22:24:05.170 [DEBUG] Lexer: Transición con ';' al estado 19, lexema actual: ';'
2025-06-25 22:24:05.170 [DEBUG] Lexer: Estado final alcanzado, tipo de token: ';', lexema completo: ';'
2025-06-25 22:24:05.170 [DEBUG] Lexer: No hay transición con '
', devolviendo token encontrado: ';' (tipo: ';')
2025-06-25 22:24:05.170 [DEBUG] Lexer: Generando token ';' en línea 8, columna 4 (lexema: ';')
2025-06-25 22:24:05.170 [DEBUG] Lexer: Analizando entrada: '
}
type Point {
  x ...'
2025-06-25 22:24:05.170 [DEBUG] Lexer: Transición con '
' al estado 2, lexema actual: '
'
2025-06-25 22:24:05.170 [DEBUG] Lexer: Estado final alcanzado, tipo de token: 'newline', lexema completo: '
'
2025-06-25 22:24:05.170 [DEBUG] Lexer: No hay transición con '}', devolviendo token encontrado: '
' (tipo: 'newline')
2025-06-25 22:24:05.170 [DEBUG] Lexer: Ignorando token 'newline' en línea 8, columna 5 (lexema: '\n')
2025-06-25 22:24:05.170 [DEBUG] Lexer: Analizando entrada: '}
type Point {
  x =...'
2025-06-25 22:24:05.170 [DEBUG] Lexer: Transición con '}' al estado 37, lexema actual: '}'
2025-06-25 22:24:05.170 [DEBUG] Lexer: Estado final alcanzado, tipo de token: '}', lexema completo: '}'
2025-06-25 22:24:05.170 [DEBUG] Lexer: No hay transición con '
', devolviendo token encontrado: '}' (tipo: '}')
2025-06-25 22:24:05.170 [DEBUG] Lexer: Generando token '}' en línea 9, columna 1 (lexema: '}')
2025-06-25 22:24:05.170 [DEBUG] Lexer: Analizando entrada: '
type Point {
  x = ...'
2025-06-25 22:24:05.170 [DEBUG] Lexer: Transición con '
' al estado 2, lexema actual: '
'
2025-06-25 22:24:05.170 [DEBUG] Lexer: Estado final alcanzado, tipo de token: 'newline', lexema completo: '
'
2025-06-25 22:24:05.170 [DEBUG] Lexer: No hay transición con 't', devolviendo token encontrado: '
' (tipo: 'newline')
2025-06-25 22:24:05.170 [DEBUG] Lexer: Ignorando token 'newline' en línea 9, columna 2 (lexema: '\n')
2025-06-25 22:24:05.170 [DEBUG] Lexer: Analizando entrada: 'type Point {
  x = 3...'
2025-06-25 22:24:05.170 [DEBUG] Lexer: Transición con 't' al estado 33, lexema actual: 't'
2025-06-25 22:24:05.170 [DEBUG] Lexer: Estado final alcanzado, tipo de token: 'var_id', lexema completo: 't'
2025-06-25 22:24:05.170 [DEBUG] Lexer: Transición con 'y' al estado 43, lexema actual: 'ty'
2025-06-25 22:24:05.170 [DEBUG] Lexer: Estado final alcanzado, tipo de token: 'var_id', lexema completo: 'ty'
2025-06-25 22:24:05.170 [DEBUG] Lexer: Transición con 'p' al estado 44, lexema actual: 'typ'
2025-06-25 22:24:05.170 [DEBUG] Lexer: Estado final alcanzado, tipo de token: 'var_id', lexema completo: 'typ'
2025-06-25 22:24:05.170 [DEBUG] Lexer: Transición con 'e' al estado 45, lexema actual: 'type'
2025-06-25 22:24:05.170 [DEBUG] Lexer: Estado final alcanzado, tipo de token: 'type', lexema completo: 'type'
2025-06-25 22:24:05.170 [DEBUG] Lexer: No hay transición con ' ', devolviendo token encontrado: 'type' (tipo: 'type')
2025-06-25 22:24:05.170 [DEBUG] Lexer: Generando token 'type' en línea 10, columna 1 (lexema: 'type')
2025-06-25 22:24:05.170 [DEBUG] Lexer: Analizando entrada: ' Point {
  x = 3;
}
...'
2025-06-25 22:24:05.170 [DEBUG] Lexer: Transición con ' ' al estado 3, lexema actual: ' '
2025-06-25 22:24:05.170 [DEBUG] Lexer: Estado final alcanzado, tipo de token: 'space', lexema completo: ' '
2025-06-25 22:24:05.170 [DEBUG] Lexer: No hay transición con 'P', devolviendo token encontrado: ' ' (tipo: 'space')
2025-06-25 22:24:05.170 [DEBUG] Lexer: Ignorando token 'space' en línea 10, columna 5 (lexema: ' ')
2025-06-25 22:24:05.170 [DEBUG] Lexer: Analizando entrada: 'Point {
  x = 3;
}
t...'
2025-06-25 22:24:05.170 [DEBUG] Lexer: Transición con 'P' al estado 24, lexema actual: 'P'
2025-06-25 22:24:05.170 [DEBUG] Lexer: Estado final alcanzado, tipo de token: 'type_id', lexema completo: 'P'
2025-06-25 22:24:05.170 [DEBUG] Lexer: Transición con 'o' al estado 24, lexema actual: 'Po'
2025-06-25 22:24:05.170 [DEBUG] Lexer: Estado final alcanzado, tipo de token: 'type_id', lexema completo: 'Po'
2025-06-25 22:24:05.170 [DEBUG] Lexer: Transición con 'i' al estado 24, lexema actual: 'Poi'
2025-06-25 22:24:05.170 [DEBUG] Lexer: Estado final alcanzado, tipo de token: 'type_id', lexema completo: 'Poi'
2025-06-25 22:24:05.170 [DEBUG] Lexer: Transición con 'n' al estado 24, lexema actual: 'Poin'
2025-06-25 22:24:05.170 [DEBUG] Lexer: Estado final alcanzado, tipo de token: 'type_id', lexema completo: 'Poin'
2025-06-25 22:24:05.170 [DEBUG] Lexer: Transición con 't' al estado 24, lexema actual: 'Point'
2025-06-25 22:24:05.170 [DEBUG] Lexer: Estado final alcanzado, tipo de token: 'type_id', lexema completo: 'Point'
2025-06-25 22:24:05.170 [DEBUG] Lexer: No hay transición con ' ', devolviendo token encontrado: 'Point' (tipo: 'type_id')
2025-06-25 22:24:05.170 [DEBUG] Lexer: Generando token 'type_id' en línea 10, columna 6 (lexema: 'Point')
2025-06-25 22:24:05.170 [DEBUG] Lexer: Analizando entrada: ' {
  x = 3;
}
type O...'
2025-06-25 22:24:05.170 [DEBUG] Lexer: Transición con ' ' al estado 3, lexema actual: ' '
2025-06-25 22:24:05.170 [DEBUG] Lexer: Estado final alcanzado, tipo de token: 'space', lexema completo: ' '
2025-06-25 22:24:05.170 [DEBUG] Lexer: No hay transición con '{', devolviendo token encontrado: ' ' (tipo: 'space')
2025-06-25 22:24:05.170 [DEBUG] Lexer: Ignorando token 'space' en línea 10, columna 11 (lexema: ' ')
2025-06-25 22:24:05.170 [DEBUG] Lexer: Analizando entrada: '{
  x = 3;
}
type Ot...'
2025-06-25 22:24:05.170 [DEBUG] Lexer: Transición con '{' al estado 35, lexema actual: '{'
2025-06-25 22:24:05.170 [DEBUG] Lexer: Estado final alcanzado, tipo de token: '{', lexema completo: '{'
2025-06-25 22:24:05.170 [DEBUG] Lexer: No hay transición con '
', devolviendo token encontrado: '{' (tipo: '{')
2025-06-25 22:24:05.170 [DEBUG] Lexer: Generando token '{' en línea 10, columna 12 (lexema: '{')
2025-06-25 22:24:05.171 [DEBUG] Lexer: Analizando entrada: '
  x = 3;
}
type Otr...'
2025-06-25 22:24:05.171 [DEBUG] Lexer: Transición con '
' al estado 2, lexema actual: '
'
2025-06-25 22:24:05.171 [DEBUG] Lexer: Estado final alcanzado, tipo de token: 'newline', lexema completo: '
'
2025-06-25 22:24:05.171 [DEBUG] Lexer: No hay transición con ' ', devolviendo token encontrado: '
' (tipo: 'newline')
2025-06-25 22:24:05.171 [DEBUG] Lexer: Ignorando token 'newline' en línea 10, columna 13 (lexema: '\n')
2025-06-25 22:24:05.171 [DEBUG] Lexer: Analizando entrada: '  x = 3;
}
type Otro...'
2025-06-25 22:24:05.171 [DEBUG] Lexer: Transición con ' ' al estado 3, lexema actual: ' '
2025-06-25 22:24:05.171 [DEBUG] Lexer: Estado final alcanzado, tipo de token: 'space', lexema completo: ' '
2025-06-25 22:24:05.171 [DEBUG] Lexer: Transición con ' ' al estado 3, lexema actual: '  '
2025-06-25 22:24:05.171 [DEBUG] Lexer: Estado final alcanzado, tipo de token: 'space', lexema completo: '  '
2025-06-25 22:24:05.171 [DEBUG] Lexer: No hay transición con 'x', devolviendo token encontrado: '  ' (tipo: 'space')
2025-06-25 22:24:05.171 [DEBUG] Lexer: Ignorando token 'space' en línea 11, columna 1 (lexema: '  ')
2025-06-25 22:24:05.171 [DEBUG] Lexer: Analizando entrada: 'x = 3;
}
type OtroTy...'
2025-06-25 22:24:05.171 [DEBUG] Lexer: Transición con 'x' al estado 27, lexema actual: 'x'
2025-06-25 22:24:05.171 [DEBUG] Lexer: Estado final alcanzado, tipo de token: 'var_id', lexema completo: 'x'
2025-06-25 22:24:05.171 [DEBUG] Lexer: No hay transición con ' ', devolviendo token encontrado: 'x' (tipo: 'var_id')
2025-06-25 22:24:05.171 [DEBUG] Lexer: Generando token 'var_id' en línea 11, columna 3 (lexema: 'x')
2025-06-25 22:24:05.171 [DEBUG] Lexer: Analizando entrada: ' = 3;
}
type OtroTyp...'
2025-06-25 22:24:05.171 [DEBUG] Lexer: Transición con ' ' al estado 3, lexema actual: ' '
2025-06-25 22:24:05.171 [DEBUG] Lexer: Estado final alcanzado, tipo de token: 'space', lexema completo: ' '
2025-06-25 22:24:05.171 [DEBUG] Lexer: No hay transición con '=', devolviendo token encontrado: ' ' (tipo: 'space')
2025-06-25 22:24:05.171 [DEBUG] Lexer: Ignorando token 'space' en línea 11, columna 4 (lexema: ' ')
2025-06-25 22:24:05.171 [DEBUG] Lexer: Analizando entrada: '= 3;
}
type OtroType...'
2025-06-25 22:24:05.171 [DEBUG] Lexer: Transición con '=' al estado 21, lexema actual: '='
2025-06-25 22:24:05.171 [DEBUG] Lexer: Estado final alcanzado, tipo de token: '=', lexema completo: '='
2025-06-25 22:24:05.171 [DEBUG] Lexer: No hay transición con ' ', devolviendo token encontrado: '=' (tipo: '=')
2025-06-25 22:24:05.171 [DEBUG] Lexer: Generando token '=' en línea 11, columna 5 (lexema: '=')
2025-06-25 22:24:05.171 [DEBUG] Lexer: Analizando entrada: ' 3;
}
type OtroType ...'
2025-06-25 22:24:05.171 [DEBUG] Lexer: Transición con ' ' al estado 3, lexema actual: ' '
2025-06-25 22:24:05.171 [DEBUG] Lexer: Estado final alcanzado, tipo de token: 'space', lexema completo: ' '
2025-06-25 22:24:05.171 [DEBUG] Lexer: No hay transición con '3', devolviendo token encontrado: ' ' (tipo: 'space')
2025-06-25 22:24:05.171 [DEBUG] Lexer: Ignorando token 'space' en línea 11, columna 6 (lexema: ' ')
2025-06-25 22:24:05.171 [DEBUG] Lexer: Analizando entrada: '3;
}
type OtroType {...'
2025-06-25 22:24:05.171 [DEBUG] Lexer: Transición con '3' al estado 17, lexema actual: '3'
2025-06-25 22:24:05.171 [DEBUG] Lexer: Estado final alcanzado, tipo de token: 'number', lexema completo: '3'
2025-06-25 22:24:05.171 [DEBUG] Lexer: No hay transición con ';', devolviendo token encontrado: '3' (tipo: 'number')
2025-06-25 22:24:05.171 [DEBUG] Lexer: Generando token 'number' en línea 11, columna 7 (lexema: '3')
2025-06-25 22:24:05.171 [DEBUG] Lexer: Analizando entrada: ';
}
type OtroType {
...'
2025-06-25 22:24:05.171 [DEBUG] Lexer: Transición con ';' al estado 19, lexema actual: ';'
2025-06-25 22:24:05.171 [DEBUG] Lexer: Estado final alcanzado, tipo de token: ';', lexema completo: ';'
2025-06-25 22:24:05.171 [DEBUG] Lexer: No hay transición con '
', devolviendo token encontrado: ';' (tipo: ';')
2025-06-25 22:24:05.171 [DEBUG] Lexer: Generando token ';' en línea 11, columna 8 (lexema: ';')
2025-06-25 22:24:05.171 [DEBUG] Lexer: Analizando entrada: '
}
type OtroType {
 ...'
2025-06-25 22:24:05.171 [DEBUG] Lexer: Transición con '
' al estado 2, lexema actual: '
'
2025-06-25 22:24:05.171 [DEBUG] Lexer: Estado final alcanzado, tipo de token: 'newline', lexema completo: '
'
2025-06-25 22:24:05.171 [DEBUG] Lexer: No hay transición con '}', devolviendo token encontrado: '
' (tipo: 'newline')
2025-06-25 22:24:05.171 [DEBUG] Lexer: Ignorando token 'newline' en línea 11, columna 9 (lexema: '\n')
2025-06-25 22:24:05.171 [DEBUG] Lexer: Analizando entrada: '}
type OtroType {
  ...'
2025-06-25 22:24:05.171 [DEBUG] Lexer: Transición con '}' al estado 37, lexema actual: '}'
2025-06-25 22:24:05.171 [DEBUG] Lexer: Estado final alcanzado, tipo de token: '}', lexema completo: '}'
2025-06-25 22:24:05.171 [DEBUG] Lexer: No hay transición con '
', devolviendo token encontrado: '}' (tipo: '}')
2025-06-25 22:24:05.171 [DEBUG] Lexer: Generando token '}' en línea 12, columna 1 (lexema: '}')
2025-06-25 22:24:05.171 [DEBUG] Lexer: Analizando entrada: '
type OtroType {
  y...'
2025-06-25 22:24:05.171 [DEBUG] Lexer: Transición con '
' al estado 2, lexema actual: '
'
2025-06-25 22:24:05.171 [DEBUG] Lexer: Estado final alcanzado, tipo de token: 'newline', lexema completo: '
'
2025-06-25 22:24:05.171 [DEBUG] Lexer: No hay transición con 't', devolviendo token encontrado: '
' (tipo: 'newline')
2025-06-25 22:24:05.171 [DEBUG] Lexer: Ignorando token 'newline' en línea 12, columna 2 (lexema: '\n')
2025-06-25 22:24:05.171 [DEBUG] Lexer: Analizando entrada: 'type OtroType {
  y ...'
2025-06-25 22:24:05.171 [DEBUG] Lexer: Transición con 't' al estado 33, lexema actual: 't'
2025-06-25 22:24:05.171 [DEBUG] Lexer: Estado final alcanzado, tipo de token: 'var_id', lexema completo: 't'
2025-06-25 22:24:05.171 [DEBUG] Lexer: Transición con 'y' al estado 43, lexema actual: 'ty'
2025-06-25 22:24:05.171 [DEBUG] Lexer: Estado final alcanzado, tipo de token: 'var_id', lexema completo: 'ty'
2025-06-25 22:24:05.171 [DEBUG] Lexer: Transición con 'p' al estado 44, lexema actual: 'typ'
2025-06-25 22:24:05.171 [DEBUG] Lexer: Estado final alcanzado, tipo de token: 'var_id', lexema completo: 'typ'
2025-06-25 22:24:05.171 [DEBUG] Lexer: Transición con 'e' al estado 45, lexema actual: 'type'
2025-06-25 22:24:05.171 [DEBUG] Lexer: Estado final alcanzado, tipo de token: 'type', lexema completo: 'type'
2025-06-25 22:24:05.171 [DEBUG] Lexer: No hay transición con ' ', devolviendo token encontrado: 'type' (tipo: 'type')
2025-06-25 22:24:05.171 [DEBUG] Lexer: Generando token 'type' en línea 13, columna 1 (lexema: 'type')
2025-06-25 22:24:05.171 [DEBUG] Lexer: Analizando entrada: ' OtroType {
  y = "2...'
2025-06-25 22:24:05.171 [DEBUG] Lexer: Transición con ' ' al estado 3, lexema actual: ' '
2025-06-25 22:24:05.171 [DEBUG] Lexer: Estado final alcanzado, tipo de token: 'space', lexema completo: ' '
2025-06-25 22:24:05.171 [DEBUG] Lexer: No hay transición con 'O', devolviendo token encontrado: ' ' (tipo: 'space')
2025-06-25 22:24:05.171 [DEBUG] Lexer: Ignorando token 'space' en línea 13, columna 5 (lexema: ' ')
2025-06-25 22:24:05.171 [DEBUG] Lexer: Analizando entrada: 'OtroType {
  y = "25...'
2025-06-25 22:24:05.171 [DEBUG] Lexer: Transición con 'O' al estado 24, lexema actual: 'O'
2025-06-25 22:24:05.171 [DEBUG] Lexer: Estado final alcanzado, tipo de token: 'type_id', lexema completo: 'O'
2025-06-25 22:24:05.171 [DEBUG] Lexer: Transición con 't' al estado 24, lexema actual: 'Ot'
2025-06-25 22:24:05.171 [DEBUG] Lexer: Estado final alcanzado, tipo de token: 'type_id', lexema completo: 'Ot'
2025-06-25 22:24:05.171 [DEBUG] Lexer: Transición con 'r' al estado 24, lexema actual: 'Otr'
2025-06-25 22:24:05.171 [DEBUG] Lexer: Estado final alcanzado, tipo de token: 'type_id', lexema completo: 'Otr'
2025-06-25 22:24:05.171 [DEBUG] Lexer: Transición con 'o' al estado 24, lexema actual: 'Otro'
2025-06-25 22:24:05.171 [DEBUG] Lexer: Estado final alcanzado, tipo de token: 'type_id', lexema completo: 'Otro'
2025-06-25 22:24:05.171 [DEBUG] Lexer: Transición con 'T' al estado 24, lexema actual: 'OtroT'
2025-06-25 22:24:05.171 [DEBUG] Lexer: Estado final alcanzado, tipo de token: 'type_id', lexema completo: 'OtroT'
2025-06-25 22:24:05.171 [DEBUG] Lexer: Transición con 'y' al estado 24, lexema actual: 'OtroTy'
2025-06-25 22:24:05.171 [DEBUG] Lexer: Estado final alcanzado, tipo de token: 'type_id', lexema completo: 'OtroTy'
2025-06-25 22:24:05.171 [DEBUG] Lexer: Transición con 'p' al estado 24, lexema actual: 'OtroTyp'
2025-06-25 22:24:05.171 [DEBUG] Lexer: Estado final alcanzado, tipo de token: 'type_id', lexema completo: 'OtroTyp'
2025-06-25 22:24:05.171 [DEBUG] Lexer: Transición con 'e' al estado 24, lexema actual: 'OtroType'
2025-06-25 22:24:05.171 [DEBUG] Lexer: Estado final alcanzado, tipo de token: 'type_id', lexema completo: 'OtroType'
2025-06-25 22:24:05.171 [DEBUG] Lexer: No hay transición con ' ', devolviendo token encontrado: 'OtroType' (tipo: 'type_id')
2025-06-25 22:24:05.171 [DEBUG] Lexer: Generando token 'type_id' en línea 13, columna 6 (lexema: 'OtroType')
2025-06-25 22:24:05.171 [DEBUG] Lexer: Analizando entrada: ' {
  y = "25";
}
{
 ...'
2025-06-25 22:24:05.171 [DEBUG] Lexer: Transición con ' ' al estado 3, lexema actual: ' '
2025-06-25 22:24:05.171 [DEBUG] Lexer: Estado final alcanzado, tipo de token: 'space', lexema completo: ' '
2025-06-25 22:24:05.171 [DEBUG] Lexer: No hay transición con '{', devolviendo token encontrado: ' ' (tipo: 'space')
2025-06-25 22:24:05.171 [DEBUG] Lexer: Ignorando token 'space' en línea 13, columna 14 (lexema: ' ')
2025-06-25 22:24:05.171 [DEBUG] Lexer: Analizando entrada: '{
  y = "25";
}
{
  ...'
2025-06-25 22:24:05.171 [DEBUG] Lexer: Transición con '{' al estado 35, lexema actual: '{'
2025-06-25 22:24:05.171 [DEBUG] Lexer: Estado final alcanzado, tipo de token: '{', lexema completo: '{'
2025-06-25 22:24:05.171 [DEBUG] Lexer: No hay transición con '
', devolviendo token encontrado: '{' (tipo: '{')
2025-06-25 22:24:05.171 [DEBUG] Lexer: Generando token '{' en línea 13, columna 15 (lexema: '{')
2025-06-25 22:24:05.171 [DEBUG] Lexer: Analizando entrada: '
  y = "25";
}
{
  f...'
2025-06-25 22:24:05.171 [DEBUG] Lexer: Transición con '
' al estado 2, lexema actual: '
'
2025-06-25 22:24:05.171 [DEBUG] Lexer: Estado final alcanzado, tipo de token: 'newline', lexema completo: '
'
2025-06-25 22:24:05.171 [DEBUG] Lexer: No hay transición con ' ', devolviendo token encontrado: '
' (tipo: 'newline')
2025-06-25 22:24:05.171 [DEBUG] Lexer: Ignorando token 'newline' en línea 13, columna 16 (lexema: '\n')
2025-06-25 22:24:05.171 [DEBUG] Lexer: Analizando entrada: '  y = "25";
}
{
  fu...'
2025-06-25 22:24:05.171 [DEBUG] Lexer: Transición con ' ' al estado 3, lexema actual: ' '
2025-06-25 22:24:05.171 [DEBUG] Lexer: Estado final alcanzado, tipo de token: 'space', lexema completo: ' '
2025-06-25 22:24:05.171 [DEBUG] Lexer: Transición con ' ' al estado 3, lexema actual: '  '
2025-06-25 22:24:05.171 [DEBUG] Lexer: Estado final alcanzado, tipo de token: 'space', lexema completo: '  '
2025-06-25 22:24:05.171 [DEBUG] Lexer: No hay transición con 'y', devolviendo token encontrado: '  ' (tipo: 'space')
2025-06-25 22:24:05.171 [DEBUG] Lexer: Ignorando token 'space' en línea 14, columna 1 (lexema: '  ')
2025-06-25 22:24:05.171 [DEBUG] Lexer: Analizando entrada: 'y = "25";
}
{
  func...'
2025-06-25 22:24:05.171 [DEBUG] Lexer: Transición con 'y' al estado 27, lexema actual: 'y'
2025-06-25 22:24:05.171 [DEBUG] Lexer: Estado final alcanzado, tipo de token: 'var_id', lexema completo: 'y'
2025-06-25 22:24:05.171 [DEBUG] Lexer: No hay transición con ' ', devolviendo token encontrado: 'y' (tipo: 'var_id')
2025-06-25 22:24:05.171 [DEBUG] Lexer: Generando token 'var_id' en línea 14, columna 3 (lexema: 'y')
2025-06-25 22:24:05.171 [DEBUG] Lexer: Analizando entrada: ' = "25";
}
{
  funct...'
2025-06-25 22:24:05.171 [DEBUG] Lexer: Transición con ' ' al estado 3, lexema actual: ' '
2025-06-25 22:24:05.171 [DEBUG] Lexer: Estado final alcanzado, tipo de token: 'space', lexema completo: ' '
2025-06-25 22:24:05.172 [DEBUG] Lexer: No hay transición con '=', devolviendo token encontrado: ' ' (tipo: 'space')
2025-06-25 22:24:05.172 [DEBUG] Lexer: Ignorando token 'space' en línea 14, columna 4 (lexema: ' ')
2025-06-25 22:24:05.172 [DEBUG] Lexer: Analizando entrada: '= "25";
}
{
  functi...'
2025-06-25 22:24:05.172 [DEBUG] Lexer: Transición con '=' al estado 21, lexema actual: '='
2025-06-25 22:24:05.172 [DEBUG] Lexer: Estado final alcanzado, tipo de token: '=', lexema completo: '='
2025-06-25 22:24:05.172 [DEBUG] Lexer: No hay transición con ' ', devolviendo token encontrado: '=' (tipo: '=')
2025-06-25 22:24:05.172 [DEBUG] Lexer: Generando token '=' en línea 14, columna 5 (lexema: '=')
2025-06-25 22:24:05.172 [DEBUG] Lexer: Analizando entrada: ' "25";
}
{
  functio...'
2025-06-25 22:24:05.172 [DEBUG] Lexer: Transición con ' ' al estado 3, lexema actual: ' '
2025-06-25 22:24:05.172 [DEBUG] Lexer: Estado final alcanzado, tipo de token: 'space', lexema completo: ' '
2025-06-25 22:24:05.172 [DEBUG] Lexer: No hay transición con '"', devolviendo token encontrado: ' ' (tipo: 'space')
2025-06-25 22:24:05.172 [DEBUG] Lexer: Ignorando token 'space' en línea 14, columna 6 (lexema: ' ')
2025-06-25 22:24:05.172 [DEBUG] Lexer: Analizando entrada: '"25";
}
{
  function...'
2025-06-25 22:24:05.172 [DEBUG] Lexer: Transición con '"' al estado 5, lexema actual: '"'
2025-06-25 22:24:05.172 [DEBUG] Lexer: Transición con '2' al estado 5, lexema actual: '"2'
2025-06-25 22:24:05.172 [DEBUG] Lexer: Transición con '5' al estado 5, lexema actual: '"25'
2025-06-25 22:24:05.172 [DEBUG] Lexer: Transición con '"' al estado 86, lexema actual: '"25"'
2025-06-25 22:24:05.172 [DEBUG] Lexer: Estado final alcanzado, tipo de token: 'string', lexema completo: '"25"'
2025-06-25 22:24:05.172 [DEBUG] Lexer: No hay transición con ';', devolviendo token encontrado: '"25"' (tipo: 'string')
2025-06-25 22:24:05.172 [DEBUG] Lexer: Generando token 'string' en línea 14, columna 7 (lexema: '"25"')
2025-06-25 22:24:05.172 [DEBUG] Lexer: Analizando entrada: ';
}
{
  function fib...'
2025-06-25 22:24:05.172 [DEBUG] Lexer: Transición con ';' al estado 19, lexema actual: ';'
2025-06-25 22:24:05.172 [DEBUG] Lexer: Estado final alcanzado, tipo de token: ';', lexema completo: ';'
2025-06-25 22:24:05.172 [DEBUG] Lexer: No hay transición con '
', devolviendo token encontrado: ';' (tipo: ';')
2025-06-25 22:24:05.172 [DEBUG] Lexer: Generando token ';' en línea 14, columna 11 (lexema: ';')
2025-06-25 22:24:05.172 [DEBUG] Lexer: Analizando entrada: '
}
{
  function fibo...'
2025-06-25 22:24:05.172 [DEBUG] Lexer: Transición con '
' al estado 2, lexema actual: '
'
2025-06-25 22:24:05.172 [DEBUG] Lexer: Estado final alcanzado, tipo de token: 'newline', lexema completo: '
'
2025-06-25 22:24:05.172 [DEBUG] Lexer: No hay transición con '}', devolviendo token encontrado: '
' (tipo: 'newline')
2025-06-25 22:24:05.172 [DEBUG] Lexer: Ignorando token 'newline' en línea 14, columna 12 (lexema: '\n')
2025-06-25 22:24:05.172 [DEBUG] Lexer: Analizando entrada: '}
{
  function fibon...'
2025-06-25 22:24:05.172 [DEBUG] Lexer: Transición con '}' al estado 37, lexema actual: '}'
2025-06-25 22:24:05.172 [DEBUG] Lexer: Estado final alcanzado, tipo de token: '}', lexema completo: '}'
2025-06-25 22:24:05.172 [DEBUG] Lexer: No hay transición con '
', devolviendo token encontrado: '}' (tipo: '}')
2025-06-25 22:24:05.172 [DEBUG] Lexer: Generando token '}' en línea 15, columna 1 (lexema: '}')
2025-06-25 22:24:05.172 [DEBUG] Lexer: Analizando entrada: '
{
  function fibona...'
2025-06-25 22:24:05.172 [DEBUG] Lexer: Transición con '
' al estado 2, lexema actual: '
'
2025-06-25 22:24:05.172 [DEBUG] Lexer: Estado final alcanzado, tipo de token: 'newline', lexema completo: '
'
2025-06-25 22:24:05.172 [DEBUG] Lexer: No hay transición con '{', devolviendo token encontrado: '
' (tipo: 'newline')
2025-06-25 22:24:05.172 [DEBUG] Lexer: Ignorando token 'newline' en línea 15, columna 2 (lexema: '\n')
2025-06-25 22:24:05.172 [DEBUG] Lexer: Analizando entrada: '{
  function fibonac...'
2025-06-25 22:24:05.172 [DEBUG] Lexer: Transición con '{' al estado 35, lexema actual: '{'
2025-06-25 22:24:05.172 [DEBUG] Lexer: Estado final alcanzado, tipo de token: '{', lexema completo: '{'
2025-06-25 22:24:05.172 [DEBUG] Lexer: No hay transición con '
', devolviendo token encontrado: '{' (tipo: '{')
2025-06-25 22:24:05.172 [DEBUG] Lexer: Generando token '{' en línea 16, columna 1 (lexema: '{')
2025-06-25 22:24:05.172 [DEBUG] Lexer: Analizando entrada: '
  function fibonacc...'
2025-06-25 22:24:05.172 [DEBUG] Lexer: Transición con '
' al estado 2, lexema actual: '
'
2025-06-25 22:24:05.172 [DEBUG] Lexer: Estado final alcanzado, tipo de token: 'newline', lexema completo: '
'
2025-06-25 22:24:05.172 [DEBUG] Lexer: No hay transición con ' ', devolviendo token encontrado: '
' (tipo: 'newline')
2025-06-25 22:24:05.172 [DEBUG] Lexer: Ignorando token 'newline' en línea 16, columna 2 (lexema: '\n')
2025-06-25 22:24:05.172 [DEBUG] Lexer: Analizando entrada: '  function fibonacci...'
2025-06-25 22:24:05.172 [DEBUG] Lexer: Transición con ' ' al estado 3, lexema actual: ' '
2025-06-25 22:24:05.172 [DEBUG] Lexer: Estado final alcanzado, tipo de token: 'space', lexema completo: ' '
2025-06-25 22:24:05.172 [DEBUG] Lexer: Transición con ' ' al estado 3, lexema actual: '  '
2025-06-25 22:24:05.172 [DEBUG] Lexer: Estado final alcanzado, tipo de token: 'space', lexema completo: '  '
2025-06-25 22:24:05.172 [DEBUG] Lexer: No hay transición con 'f', devolviendo token encontrado: '  ' (tipo: 'space')
2025-06-25 22:24:05.172 [DEBUG] Lexer: Ignorando token 'space' en línea 17, columna 1 (lexema: '  ')
2025-06-25 22:24:05.172 [DEBUG] Lexer: Analizando entrada: 'function fibonacci( ...'
2025-06-25 22:24:05.172 [DEBUG] Lexer: Transición con 'f' al estado 29, lexema actual: 'f'
2025-06-25 22:24:05.172 [DEBUG] Lexer: Estado final alcanzado, tipo de token: 'var_id', lexema completo: 'f'
2025-06-25 22:24:05.172 [DEBUG] Lexer: Transición con 'u' al estado 63, lexema actual: 'fu'
2025-06-25 22:24:05.172 [DEBUG] Lexer: Estado final alcanzado, tipo de token: 'var_id', lexema completo: 'fu'
2025-06-25 22:24:05.172 [DEBUG] Lexer: Transición con 'n' al estado 64, lexema actual: 'fun'
2025-06-25 22:24:05.172 [DEBUG] Lexer: Estado final alcanzado, tipo de token: 'var_id', lexema completo: 'fun'
2025-06-25 22:24:05.172 [DEBUG] Lexer: Transición con 'c' al estado 65, lexema actual: 'func'
2025-06-25 22:24:05.172 [DEBUG] Lexer: Estado final alcanzado, tipo de token: 'var_id', lexema completo: 'func'
2025-06-25 22:24:05.172 [DEBUG] Lexer: Transición con 't' al estado 66, lexema actual: 'funct'
2025-06-25 22:24:05.172 [DEBUG] Lexer: Estado final alcanzado, tipo de token: 'var_id', lexema completo: 'funct'
2025-06-25 22:24:05.172 [DEBUG] Lexer: Transición con 'i' al estado 67, lexema actual: 'functi'
2025-06-25 22:24:05.172 [DEBUG] Lexer: Estado final alcanzado, tipo de token: 'var_id', lexema completo: 'functi'
2025-06-25 22:24:05.172 [DEBUG] Lexer: Transición con 'o' al estado 68, lexema actual: 'functio'
2025-06-25 22:24:05.172 [DEBUG] Lexer: Estado final alcanzado, tipo de token: 'var_id', lexema completo: 'functio'
2025-06-25 22:24:05.172 [DEBUG] Lexer: Transición con 'n' al estado 69, lexema actual: 'function'
2025-06-25 22:24:05.172 [DEBUG] Lexer: Estado final alcanzado, tipo de token: 'function', lexema completo: 'function'
2025-06-25 22:24:05.172 [DEBUG] Lexer: No hay transición con ' ', devolviendo token encontrado: 'function' (tipo: 'function')
2025-06-25 22:24:05.172 [DEBUG] Lexer: Generando token 'function' en línea 17, columna 3 (lexema: 'function')
2025-06-25 22:24:05.172 [DEBUG] Lexer: Analizando entrada: ' fibonacci( x : Int)...'
2025-06-25 22:24:05.172 [DEBUG] Lexer: Transición con ' ' al estado 3, lexema actual: ' '
2025-06-25 22:24:05.172 [DEBUG] Lexer: Estado final alcanzado, tipo de token: 'space', lexema completo: ' '
2025-06-25 22:24:05.172 [DEBUG] Lexer: No hay transición con 'f', devolviendo token encontrado: ' ' (tipo: 'space')
2025-06-25 22:24:05.172 [DEBUG] Lexer: Ignorando token 'space' en línea 17, columna 11 (lexema: ' ')
2025-06-25 22:24:05.172 [DEBUG] Lexer: Analizando entrada: 'fibonacci( x : Int) ...'
2025-06-25 22:24:05.172 [DEBUG] Lexer: Transición con 'f' al estado 29, lexema actual: 'f'
2025-06-25 22:24:05.172 [DEBUG] Lexer: Estado final alcanzado, tipo de token: 'var_id', lexema completo: 'f'
2025-06-25 22:24:05.172 [DEBUG] Lexer: Transición con 'i' al estado 27, lexema actual: 'fi'
2025-06-25 22:24:05.172 [DEBUG] Lexer: Estado final alcanzado, tipo de token: 'var_id', lexema completo: 'fi'
2025-06-25 22:24:05.172 [DEBUG] Lexer: Transición con 'b' al estado 27, lexema actual: 'fib'
2025-06-25 22:24:05.172 [DEBUG] Lexer: Estado final alcanzado, tipo de token: 'var_id', lexema completo: 'fib'
2025-06-25 22:24:05.172 [DEBUG] Lexer: Transición con 'o' al estado 27, lexema actual: 'fibo'
2025-06-25 22:24:05.172 [DEBUG] Lexer: Estado final alcanzado, tipo de token: 'var_id', lexema completo: 'fibo'
2025-06-25 22:24:05.172 [DEBUG] Lexer: Transición con 'n' al estado 27, lexema actual: 'fibon'
2025-06-25 22:24:05.172 [DEBUG] Lexer: Estado final alcanzado, tipo de token: 'var_id', lexema completo: 'fibon'
2025-06-25 22:24:05.172 [DEBUG] Lexer: Transición con 'a' al estado 27, lexema actual: 'fibona'
2025-06-25 22:24:05.172 [DEBUG] Lexer: Estado final alcanzado, tipo de token: 'var_id', lexema completo: 'fibona'
2025-06-25 22:24:05.172 [DEBUG] Lexer: Transición con 'c' al estado 27, lexema actual: 'fibonac'
2025-06-25 22:24:05.172 [DEBUG] Lexer: Estado final alcanzado, tipo de token: 'var_id', lexema completo: 'fibonac'
2025-06-25 22:24:05.172 [DEBUG] Lexer: Transición con 'c' al estado 27, lexema actual: 'fibonacc'
2025-06-25 22:24:05.172 [DEBUG] Lexer: Estado final alcanzado, tipo de token: 'var_id', lexema completo: 'fibonacc'
2025-06-25 22:24:05.172 [DEBUG] Lexer: Transición con 'i' al estado 27, lexema actual: 'fibonacci'
2025-06-25 22:24:05.172 [DEBUG] Lexer: Estado final alcanzado, tipo de token: 'var_id', lexema completo: 'fibonacci'
2025-06-25 22:24:05.172 [DEBUG] Lexer: No hay transición con '(', devolviendo token encontrado: 'fibonacci' (tipo: 'var_id')
2025-06-25 22:24:05.172 [DEBUG] Lexer: Generando token 'var_id' en línea 17, columna 12 (lexema: 'fibonacci')
2025-06-25 22:24:05.172 [DEBUG] Lexer: Analizando entrada: '( x : Int) => fibona...'
2025-06-25 22:24:05.172 [DEBUG] Lexer: Transición con '(' al estado 8, lexema actual: '('
2025-06-25 22:24:05.172 [DEBUG] Lexer: Estado final alcanzado, tipo de token: '(', lexema completo: '('
2025-06-25 22:24:05.172 [DEBUG] Lexer: No hay transición con ' ', devolviendo token encontrado: '(' (tipo: '(')
2025-06-25 22:24:05.172 [DEBUG] Lexer: Generando token '(' en línea 17, columna 21 (lexema: '(')
2025-06-25 22:24:05.172 [DEBUG] Lexer: Analizando entrada: ' x : Int) => fibonac...'
2025-06-25 22:24:05.172 [DEBUG] Lexer: Transición con ' ' al estado 3, lexema actual: ' '
2025-06-25 22:24:05.172 [DEBUG] Lexer: Estado final alcanzado, tipo de token: 'space', lexema completo: ' '
2025-06-25 22:24:05.172 [DEBUG] Lexer: No hay transición con 'x', devolviendo token encontrado: ' ' (tipo: 'space')
2025-06-25 22:24:05.172 [DEBUG] Lexer: Ignorando token 'space' en línea 17, columna 22 (lexema: ' ')
2025-06-25 22:24:05.172 [DEBUG] Lexer: Analizando entrada: 'x : Int) => fibonacc...'
2025-06-25 22:24:05.172 [DEBUG] Lexer: Transición con 'x' al estado 27, lexema actual: 'x'
2025-06-25 22:24:05.172 [DEBUG] Lexer: Estado final alcanzado, tipo de token: 'var_id', lexema completo: 'x'
2025-06-25 22:24:05.172 [DEBUG] Lexer: No hay transición con ' ', devolviendo token encontrado: 'x' (tipo: 'var_id')
2025-06-25 22:24:05.172 [DEBUG] Lexer: Generando token 'var_id' en línea 17, columna 23 (lexema: 'x')
2025-06-25 22:24:05.172 [DEBUG] Lexer: Analizando entrada: ' : Int) => fibonacci...'
2025-06-25 22:24:05.172 [DEBUG] Lexer: Transición con ' ' al estado 3, lexema actual: ' '
2025-06-25 22:24:05.172 [DEBUG] Lexer: Estado final alcanzado, tipo de token: 'space', lexema completo: ' '
2025-06-25 22:24:05.172 [DEBUG] Lexer: No hay transición con ':', devolviendo token encontrado: ' ' (tipo: 'space')
2025-06-25 22:24:05.172 [DEBUG] Lexer: Ignorando token 'space' en línea 17, columna 24 (lexema: ' ')
2025-06-25 22:24:05.172 [DEBUG] Lexer: Analizando entrada: ': Int) => fibonacci(...'
2025-06-25 22:24:05.172 [DEBUG] Lexer: Transición con ':' al estado 18, lexema actual: ':'
2025-06-25 22:24:05.172 [DEBUG] Lexer: Estado final alcanzado, tipo de token: ':', lexema completo: ':'
2025-06-25 22:24:05.173 [DEBUG] Lexer: No hay transición con ' ', devolviendo token encontrado: ':' (tipo: ':')
2025-06-25 22:24:05.173 [DEBUG] Lexer: Generando token ':' en línea 17, columna 25 (lexema: ':')
2025-06-25 22:24:05.173 [DEBUG] Lexer: Analizando entrada: ' Int) => fibonacci(x...'
2025-06-25 22:24:05.173 [DEBUG] Lexer: Transición con ' ' al estado 3, lexema actual: ' '
2025-06-25 22:24:05.173 [DEBUG] Lexer: Estado final alcanzado, tipo de token: 'space', lexema completo: ' '
2025-06-25 22:24:05.173 [DEBUG] Lexer: No hay transición con 'I', devolviendo token encontrado: ' ' (tipo: 'space')
2025-06-25 22:24:05.173 [DEBUG] Lexer: Ignorando token 'space' en línea 17, columna 26 (lexema: ' ')
2025-06-25 22:24:05.173 [DEBUG] Lexer: Analizando entrada: 'Int) => fibonacci(x-...'
2025-06-25 22:24:05.173 [DEBUG] Lexer: Transición con 'I' al estado 24, lexema actual: 'I'
2025-06-25 22:24:05.173 [DEBUG] Lexer: Estado final alcanzado, tipo de token: 'type_id', lexema completo: 'I'
2025-06-25 22:24:05.173 [DEBUG] Lexer: Transición con 'n' al estado 24, lexema actual: 'In'
2025-06-25 22:24:05.173 [DEBUG] Lexer: Estado final alcanzado, tipo de token: 'type_id', lexema completo: 'In'
2025-06-25 22:24:05.173 [DEBUG] Lexer: Transición con 't' al estado 24, lexema actual: 'Int'
2025-06-25 22:24:05.173 [DEBUG] Lexer: Estado final alcanzado, tipo de token: 'type_id', lexema completo: 'Int'
2025-06-25 22:24:05.173 [DEBUG] Lexer: No hay transición con ')', devolviendo token encontrado: 'Int' (tipo: 'type_id')
2025-06-25 22:24:05.173 [DEBUG] Lexer: Generando token 'type_id' en línea 17, columna 27 (lexema: 'Int')
2025-06-25 22:24:05.173 [DEBUG] Lexer: Analizando entrada: ') => fibonacci(x-1) ...'
2025-06-25 22:24:05.173 [DEBUG] Lexer: Transición con ')' al estado 9, lexema actual: ')'
2025-06-25 22:24:05.173 [DEBUG] Lexer: Estado final alcanzado, tipo de token: ')', lexema completo: ')'
2025-06-25 22:24:05.173 [DEBUG] Lexer: No hay transición con ' ', devolviendo token encontrado: ')' (tipo: ')')
2025-06-25 22:24:05.173 [DEBUG] Lexer: Generando token ')' en línea 17, columna 30 (lexema: ')')
2025-06-25 22:24:05.173 [DEBUG] Lexer: Analizando entrada: ' => fibonacci(x-1) +...'
2025-06-25 22:24:05.173 [DEBUG] Lexer: Transición con ' ' al estado 3, lexema actual: ' '
2025-06-25 22:24:05.173 [DEBUG] Lexer: Estado final alcanzado, tipo de token: 'space', lexema completo: ' '
2025-06-25 22:24:05.173 [DEBUG] Lexer: No hay transición con '=', devolviendo token encontrado: ' ' (tipo: 'space')
2025-06-25 22:24:05.173 [DEBUG] Lexer: Ignorando token 'space' en línea 17, columna 31 (lexema: ' ')
2025-06-25 22:24:05.173 [DEBUG] Lexer: Analizando entrada: '=> fibonacci(x-1) + ...'
2025-06-25 22:24:05.173 [DEBUG] Lexer: Transición con '=' al estado 21, lexema actual: '='
2025-06-25 22:24:05.173 [DEBUG] Lexer: Estado final alcanzado, tipo de token: '=', lexema completo: '='
2025-06-25 22:24:05.173 [DEBUG] Lexer: Transición con '>' al estado 81, lexema actual: '=>'
2025-06-25 22:24:05.173 [DEBUG] Lexer: Estado final alcanzado, tipo de token: '=>', lexema completo: '=>'
2025-06-25 22:24:05.173 [DEBUG] Lexer: No hay transición con ' ', devolviendo token encontrado: '=>' (tipo: '=>')
2025-06-25 22:24:05.173 [DEBUG] Lexer: Generando token '=>' en línea 17, columna 32 (lexema: '=>')
2025-06-25 22:24:05.173 [DEBUG] Lexer: Analizando entrada: ' fibonacci(x-1) + fi...'
2025-06-25 22:24:05.173 [DEBUG] Lexer: Transición con ' ' al estado 3, lexema actual: ' '
2025-06-25 22:24:05.173 [DEBUG] Lexer: Estado final alcanzado, tipo de token: 'space', lexema completo: ' '
2025-06-25 22:24:05.173 [DEBUG] Lexer: No hay transición con 'f', devolviendo token encontrado: ' ' (tipo: 'space')
2025-06-25 22:24:05.173 [DEBUG] Lexer: Ignorando token 'space' en línea 17, columna 34 (lexema: ' ')
2025-06-25 22:24:05.173 [DEBUG] Lexer: Analizando entrada: 'fibonacci(x-1) + fib...'
2025-06-25 22:24:05.173 [DEBUG] Lexer: Transición con 'f' al estado 29, lexema actual: 'f'
2025-06-25 22:24:05.173 [DEBUG] Lexer: Estado final alcanzado, tipo de token: 'var_id', lexema completo: 'f'
2025-06-25 22:24:05.173 [DEBUG] Lexer: Transición con 'i' al estado 27, lexema actual: 'fi'
2025-06-25 22:24:05.173 [DEBUG] Lexer: Estado final alcanzado, tipo de token: 'var_id', lexema completo: 'fi'
2025-06-25 22:24:05.173 [DEBUG] Lexer: Transición con 'b' al estado 27, lexema actual: 'fib'
2025-06-25 22:24:05.173 [DEBUG] Lexer: Estado final alcanzado, tipo de token: 'var_id', lexema completo: 'fib'
2025-06-25 22:24:05.173 [DEBUG] Lexer: Transición con 'o' al estado 27, lexema actual: 'fibo'
2025-06-25 22:24:05.173 [DEBUG] Lexer: Estado final alcanzado, tipo de token: 'var_id', lexema completo: 'fibo'
2025-06-25 22:24:05.173 [DEBUG] Lexer: Transición con 'n' al estado 27, lexema actual: 'fibon'
2025-06-25 22:24:05.173 [DEBUG] Lexer: Estado final alcanzado, tipo de token: 'var_id', lexema completo: 'fibon'
2025-06-25 22:24:05.173 [DEBUG] Lexer: Transición con 'a' al estado 27, lexema actual: 'fibona'
2025-06-25 22:24:05.173 [DEBUG] Lexer: Estado final alcanzado, tipo de token: 'var_id', lexema completo: 'fibona'
2025-06-25 22:24:05.173 [DEBUG] Lexer: Transición con 'c' al estado 27, lexema actual: 'fibonac'
2025-06-25 22:24:05.173 [DEBUG] Lexer: Estado final alcanzado, tipo de token: 'var_id', lexema completo: 'fibonac'
2025-06-25 22:24:05.173 [DEBUG] Lexer: Transición con 'c' al estado 27, lexema actual: 'fibonacc'
2025-06-25 22:24:05.173 [DEBUG] Lexer: Estado final alcanzado, tipo de token: 'var_id', lexema completo: 'fibonacc'
2025-06-25 22:24:05.173 [DEBUG] Lexer: Transición con 'i' al estado 27, lexema actual: 'fibonacci'
2025-06-25 22:24:05.173 [DEBUG] Lexer: Estado final alcanzado, tipo de token: 'var_id', lexema completo: 'fibonacci'
2025-06-25 22:24:05.173 [DEBUG] Lexer: No hay transición con '(', devolviendo token encontrado: 'fibonacci' (tipo: 'var_id')
2025-06-25 22:24:05.173 [DEBUG] Lexer: Generando token 'var_id' en línea 17, columna 35 (lexema: 'fibonacci')
2025-06-25 22:24:05.173 [DEBUG] Lexer: Analizando entrada: '(x-1) + fibonacci(x-...'
2025-06-25 22:24:05.173 [DEBUG] Lexer: Transición con '(' al estado 8, lexema actual: '('
2025-06-25 22:24:05.173 [DEBUG] Lexer: Estado final alcanzado, tipo de token: '(', lexema completo: '('
2025-06-25 22:24:05.173 [DEBUG] Lexer: No hay transición con 'x', devolviendo token encontrado: '(' (tipo: '(')
2025-06-25 22:24:05.173 [DEBUG] Lexer: Generando token '(' en línea 17, columna 44 (lexema: '(')
2025-06-25 22:24:05.173 [DEBUG] Lexer: Analizando entrada: 'x-1) + fibonacci(x-2...'
2025-06-25 22:24:05.173 [DEBUG] Lexer: Transición con 'x' al estado 27, lexema actual: 'x'
2025-06-25 22:24:05.173 [DEBUG] Lexer: Estado final alcanzado, tipo de token: 'var_id', lexema completo: 'x'
2025-06-25 22:24:05.173 [DEBUG] Lexer: No hay transición con '-', devolviendo token encontrado: 'x' (tipo: 'var_id')
2025-06-25 22:24:05.173 [DEBUG] Lexer: Generando token 'var_id' en línea 17, columna 45 (lexema: 'x')
2025-06-25 22:24:05.173 [DEBUG] Lexer: Analizando entrada: '-1) + fibonacci(x-2)...'
2025-06-25 22:24:05.173 [DEBUG] Lexer: Transición con '-' al estado 13, lexema actual: '-'
2025-06-25 22:24:05.173 [DEBUG] Lexer: Estado final alcanzado, tipo de token: '-', lexema completo: '-'
2025-06-25 22:24:05.173 [DEBUG] Lexer: No hay transición con '1', devolviendo token encontrado: '-' (tipo: '-')
2025-06-25 22:24:05.173 [DEBUG] Lexer: Generando token '-' en línea 17, columna 46 (lexema: '-')
2025-06-25 22:24:05.173 [DEBUG] Lexer: Analizando entrada: '1) + fibonacci(x-2);...'
2025-06-25 22:24:05.173 [DEBUG] Lexer: Transición con '1' al estado 17, lexema actual: '1'
2025-06-25 22:24:05.173 [DEBUG] Lexer: Estado final alcanzado, tipo de token: 'number', lexema completo: '1'
2025-06-25 22:24:05.173 [DEBUG] Lexer: No hay transición con ')', devolviendo token encontrado: '1' (tipo: 'number')
2025-06-25 22:24:05.173 [DEBUG] Lexer: Generando token 'number' en línea 17, columna 47 (lexema: '1')
2025-06-25 22:24:05.173 [DEBUG] Lexer: Analizando entrada: ') + fibonacci(x-2);
...'
2025-06-25 22:24:05.173 [DEBUG] Lexer: Transición con ')' al estado 9, lexema actual: ')'
2025-06-25 22:24:05.173 [DEBUG] Lexer: Estado final alcanzado, tipo de token: ')', lexema completo: ')'
2025-06-25 22:24:05.173 [DEBUG] Lexer: No hay transición con ' ', devolviendo token encontrado: ')' (tipo: ')')
2025-06-25 22:24:05.173 [DEBUG] Lexer: Generando token ')' en línea 17, columna 48 (lexema: ')')
2025-06-25 22:24:05.173 [DEBUG] Lexer: Analizando entrada: ' + fibonacci(x-2);
}...'
2025-06-25 22:24:05.173 [DEBUG] Lexer: Transición con ' ' al estado 3, lexema actual: ' '
2025-06-25 22:24:05.173 [DEBUG] Lexer: Estado final alcanzado, tipo de token: 'space', lexema completo: ' '
2025-06-25 22:24:05.173 [DEBUG] Lexer: No hay transición con '+', devolviendo token encontrado: ' ' (tipo: 'space')
2025-06-25 22:24:05.173 [DEBUG] Lexer: Ignorando token 'space' en línea 17, columna 49 (lexema: ' ')
2025-06-25 22:24:05.173 [DEBUG] Lexer: Analizando entrada: '+ fibonacci(x-2);
}
'
2025-06-25 22:24:05.173 [DEBUG] Lexer: Transición con '+' al estado 11, lexema actual: '+'
2025-06-25 22:24:05.173 [DEBUG] Lexer: Estado final alcanzado, tipo de token: '+', lexema completo: '+'
2025-06-25 22:24:05.173 [DEBUG] Lexer: No hay transición con ' ', devolviendo token encontrado: '+' (tipo: '+')
2025-06-25 22:24:05.173 [DEBUG] Lexer: Generando token '+' en línea 17, columna 50 (lexema: '+')
2025-06-25 22:24:05.173 [DEBUG] Lexer: Analizando entrada: ' fibonacci(x-2);
}
'
2025-06-25 22:24:05.173 [DEBUG] Lexer: Transición con ' ' al estado 3, lexema actual: ' '
2025-06-25 22:24:05.173 [DEBUG] Lexer: Estado final alcanzado, tipo de token: 'space', lexema completo: ' '
2025-06-25 22:24:05.173 [DEBUG] Lexer: No hay transición con 'f', devolviendo token encontrado: ' ' (tipo: 'space')
2025-06-25 22:24:05.173 [DEBUG] Lexer: Ignorando token 'space' en línea 17, columna 51 (lexema: ' ')
2025-06-25 22:24:05.173 [DEBUG] Lexer: Analizando entrada: 'fibonacci(x-2);
}
'
2025-06-25 22:24:05.173 [DEBUG] Lexer: Transición con 'f' al estado 29, lexema actual: 'f'
2025-06-25 22:24:05.173 [DEBUG] Lexer: Estado final alcanzado, tipo de token: 'var_id', lexema completo: 'f'
2025-06-25 22:24:05.173 [DEBUG] Lexer: Transición con 'i' al estado 27, lexema actual: 'fi'
2025-06-25 22:24:05.173 [DEBUG] Lexer: Estado final alcanzado, tipo de token: 'var_id', lexema completo: 'fi'
2025-06-25 22:24:05.173 [DEBUG] Lexer: Transición con 'b' al estado 27, lexema actual: 'fib'
2025-06-25 22:24:05.173 [DEBUG] Lexer: Estado final alcanzado, tipo de token: 'var_id', lexema completo: 'fib'
2025-06-25 22:24:05.173 [DEBUG] Lexer: Transición con 'o' al estado 27, lexema actual: 'fibo'
2025-06-25 22:24:05.173 [DEBUG] Lexer: Estado final alcanzado, tipo de token: 'var_id', lexema completo: 'fibo'
2025-06-25 22:24:05.173 [DEBUG] Lexer: Transición con 'n' al estado 27, lexema actual: 'fibon'
2025-06-25 22:24:05.173 [DEBUG] Lexer: Estado final alcanzado, tipo de token: 'var_id', lexema completo: 'fibon'
2025-06-25 22:24:05.173 [DEBUG] Lexer: Transición con 'a' al estado 27, lexema actual: 'fibona'
2025-06-25 22:24:05.173 [DEBUG] Lexer: Estado final alcanzado, tipo de token: 'var_id', lexema completo: 'fibona'
2025-06-25 22:24:05.173 [DEBUG] Lexer: Transición con 'c' al estado 27, lexema actual: 'fibonac'
2025-06-25 22:24:05.173 [DEBUG] Lexer: Estado final alcanzado, tipo de token: 'var_id', lexema completo: 'fibonac'
2025-06-25 22:24:05.173 [DEBUG] Lexer: Transición con 'c' al estado 27, lexema actual: 'fibonacc'
2025-06-25 22:24:05.173 [DEBUG] Lexer: Estado final alcanzado, tipo de token: 'var_id', lexema completo: 'fibonacc'
2025-06-25 22:24:05.173 [DEBUG] Lexer: Transición con 'i' al estado 27, lexema actual: 'fibonacci'
2025-06-25 22:24:05.173 [DEBUG] Lexer: Estado final alcanzado, tipo de token: 'var_id', lexema completo: 'fibonacci'
2025-06-25 22:24:05.173 [DEBUG] Lexer: No hay transición con '(', devolviendo token encontrado: 'fibonacci' (tipo: 'var_id')
2025-06-25 22:24:05.173 [DEBUG] Lexer: Generando token 'var_id' en línea 17, columna 52 (lexema: 'fibonacci')
2025-06-25 22:24:05.174 [DEBUG] Lexer: Analizando entrada: '(x-2);
}
'
2025-06-25 22:24:05.174 [DEBUG] Lexer: Transición con '(' al estado 8, lexema actual: '('
2025-06-25 22:24:05.174 [DEBUG] Lexer: Estado final alcanzado, tipo de token: '(', lexema completo: '('
2025-06-25 22:24:05.174 [DEBUG] Lexer: No hay transición con 'x', devolviendo token encontrado: '(' (tipo: '(')
2025-06-25 22:24:05.174 [DEBUG] Lexer: Generando token '(' en línea 17, columna 61 (lexema: '(')
2025-06-25 22:24:05.174 [DEBUG] Lexer: Analizando entrada: 'x-2);
}
'
2025-06-25 22:24:05.174 [DEBUG] Lexer: Transición con 'x' al estado 27, lexema actual: 'x'
2025-06-25 22:24:05.174 [DEBUG] Lexer: Estado final alcanzado, tipo de token: 'var_id', lexema completo: 'x'
2025-06-25 22:24:05.174 [DEBUG] Lexer: No hay transición con '-', devolviendo token encontrado: 'x' (tipo: 'var_id')
2025-06-25 22:24:05.174 [DEBUG] Lexer: Generando token 'var_id' en línea 17, columna 62 (lexema: 'x')
2025-06-25 22:24:05.174 [DEBUG] Lexer: Analizando entrada: '-2);
}
'
2025-06-25 22:24:05.174 [DEBUG] Lexer: Transición con '-' al estado 13, lexema actual: '-'
2025-06-25 22:24:05.174 [DEBUG] Lexer: Estado final alcanzado, tipo de token: '-', lexema completo: '-'
2025-06-25 22:24:05.174 [DEBUG] Lexer: No hay transición con '2', devolviendo token encontrado: '-' (tipo: '-')
2025-06-25 22:24:05.174 [DEBUG] Lexer: Generando token '-' en línea 17, columna 63 (lexema: '-')
2025-06-25 22:24:05.174 [DEBUG] Lexer: Analizando entrada: '2);
}
'
2025-06-25 22:24:05.174 [DEBUG] Lexer: Transición con '2' al estado 17, lexema actual: '2'
2025-06-25 22:24:05.174 [DEBUG] Lexer: Estado final alcanzado, tipo de token: 'number', lexema completo: '2'
2025-06-25 22:24:05.174 [DEBUG] Lexer: No hay transición con ')', devolviendo token encontrado: '2' (tipo: 'number')
2025-06-25 22:24:05.174 [DEBUG] Lexer: Generando token 'number' en línea 17, columna 64 (lexema: '2')
2025-06-25 22:24:05.174 [DEBUG] Lexer: Analizando entrada: ');
}
'
2025-06-25 22:24:05.174 [DEBUG] Lexer: Transición con ')' al estado 9, lexema actual: ')'
2025-06-25 22:24:05.174 [DEBUG] Lexer: Estado final alcanzado, tipo de token: ')', lexema completo: ')'
2025-06-25 22:24:05.174 [DEBUG] Lexer: No hay transición con ';', devolviendo token encontrado: ')' (tipo: ')')
2025-06-25 22:24:05.174 [DEBUG] Lexer: Generando token ')' en línea 17, columna 65 (lexema: ')')
2025-06-25 22:24:05.174 [DEBUG] Lexer: Analizando entrada: ';
}
'
2025-06-25 22:24:05.174 [DEBUG] Lexer: Transición con ';' al estado 19, lexema actual: ';'
2025-06-25 22:24:05.174 [DEBUG] Lexer: Estado final alcanzado, tipo de token: ';', lexema completo: ';'
2025-06-25 22:24:05.174 [DEBUG] Lexer: No hay transición con '
', devolviendo token encontrado: ';' (tipo: ';')
2025-06-25 22:24:05.174 [DEBUG] Lexer: Generando token ';' en línea 17, columna 66 (lexema: ';')
2025-06-25 22:24:05.174 [DEBUG] Lexer: Analizando entrada: '
}
'
2025-06-25 22:24:05.174 [DEBUG] Lexer: Transición con '
' al estado 2, lexema actual: '
'
2025-06-25 22:24:05.174 [DEBUG] Lexer: Estado final alcanzado, tipo de token: 'newline', lexema completo: '
'
2025-06-25 22:24:05.174 [DEBUG] Lexer: No hay transición con '}', devolviendo token encontrado: '
' (tipo: 'newline')
2025-06-25 22:24:05.174 [DEBUG] Lexer: Ignorando token 'newline' en línea 17, columna 67 (lexema: '\n')
2025-06-25 22:24:05.174 [DEBUG] Lexer: Analizando entrada: '}
'
2025-06-25 22:24:05.174 [DEBUG] Lexer: Transición con '}' al estado 37, lexema actual: '}'
2025-06-25 22:24:05.174 [DEBUG] Lexer: Estado final alcanzado, tipo de token: '}', lexema completo: '}'
2025-06-25 22:24:05.174 [DEBUG] Lexer: No hay transición con '
', devolviendo token encontrado: '}' (tipo: '}')
2025-06-25 22:24:05.174 [DEBUG] Lexer: Generando token '}' en línea 18, columna 1 (lexema: '}')
2025-06-25 22:24:05.174 [DEBUG] Lexer: Analizando entrada: '
'
2025-06-25 22:24:05.174 [DEBUG] Lexer: Transición con '
' al estado 2, lexema actual: '
'
2025-06-25 22:24:05.174 [DEBUG] Lexer: Estado final alcanzado, tipo de token: 'newline', lexema completo: '
'
2025-06-25 22:24:05.174 [DEBUG] Lexer: Fin de entrada, devolviendo token: '
' (tipo: 'newline')
2025-06-25 22:24:05.174 [DEBUG] Lexer: Ignorando token 'newline' en línea 18, columna 2 (lexema: '\n')
2025-06-25 22:24:05.174 [DEBUG] Lexer: Agregando token final 'EOF' en línea 19, columna 1
2025-06-25 22:24:05.174 [INFO] Tokenización completada con éxito, generados 80 tokens
2025-06-25 22:24:05.174 [INFO] Iniciando construcción del AST
2025-06-25 22:24:05.174 [INFO] Ejecutando análisis sintáctico
2025-06-25 22:24:05.174 [INFO] SLR1Parser: Analizando 80 tokens
2025-06-25 22:24:05.174 [INFO] Iniciando análisis sintáctico con 80 tokens
2025-06-25 22:24:05.174 [DEBUG] Lista de tokens a analizar:
2025-06-25 22:24:05.174 [DEBUG]   [0] function[2,1]:function (línea 2, columna 1, lexema: 'function')
2025-06-25 22:24:05.174 [DEBUG]   [1] var_id[2,10]:fibonacci (línea 2, columna 10, lexema: 'fibonacci')
2025-06-25 22:24:05.174 [DEBUG]   [2] ([2,19]:( (línea 2, columna 19, lexema: '(')
2025-06-25 22:24:05.174 [DEBUG]   [3] var_id[2,20]:x (línea 2, columna 20, lexema: 'x')
2025-06-25 22:24:05.174 [DEBUG]   [4] :[2,21]:: (línea 2, columna 21, lexema: ':')
2025-06-25 22:24:05.174 [DEBUG]   [5] type_id[2,22]:Int (línea 2, columna 22, lexema: 'Int')
2025-06-25 22:24:05.174 [DEBUG]   [6] )[2,25]:) (línea 2, columna 25, lexema: ')')
2025-06-25 22:24:05.174 [DEBUG]   [7] {[2,27]:{ (línea 2, columna 27, lexema: '{')
2025-06-25 22:24:05.174 [DEBUG]   [8] if[3,3]:if (línea 3, columna 3, lexema: 'if')
2025-06-25 22:24:05.174 [DEBUG]   [9] ([3,6]:( (línea 3, columna 6, lexema: '(')
2025-06-25 22:24:05.174 [DEBUG]   [10] var_id[3,7]:x (línea 3, columna 7, lexema: 'x')
2025-06-25 22:24:05.174 [DEBUG]   [11] >[3,9]:> (línea 3, columna 9, lexema: '>')
2025-06-25 22:24:05.174 [DEBUG]   [12] number[3,11]:0 (línea 3, columna 11, lexema: '0')
2025-06-25 22:24:05.174 [DEBUG]   [13] )[3,12]:) (línea 3, columna 12, lexema: ')')
2025-06-25 22:24:05.174 [DEBUG]   [14] {[3,14]:{ (línea 3, columna 14, lexema: '{')
2025-06-25 22:24:05.174 [DEBUG]   [15] var_id[4,5]:fibonacci (línea 4, columna 5, lexema: 'fibonacci')
2025-06-25 22:24:05.174 [DEBUG]   [16] ([4,14]:( (línea 4, columna 14, lexema: '(')
2025-06-25 22:24:05.174 [DEBUG]   [17] var_id[4,15]:x (línea 4, columna 15, lexema: 'x')
2025-06-25 22:24:05.174 [DEBUG]   [18] -[4,16]:- (línea 4, columna 16, lexema: '-')
2025-06-25 22:24:05.174 [DEBUG]   [19] number[4,17]:1 (línea 4, columna 17, lexema: '1')
2025-06-25 22:24:05.174 [DEBUG]   [20] )[4,18]:) (línea 4, columna 18, lexema: ')')
2025-06-25 22:24:05.174 [DEBUG]   [21] +[4,20]:+ (línea 4, columna 20, lexema: '+')
2025-06-25 22:24:05.174 [DEBUG]   [22] var_id[4,22]:fibonacci (línea 4, columna 22, lexema: 'fibonacci')
2025-06-25 22:24:05.174 [DEBUG]   [23] ([4,31]:( (línea 4, columna 31, lexema: '(')
2025-06-25 22:24:05.174 [DEBUG]   [24] var_id[4,32]:x (línea 4, columna 32, lexema: 'x')
2025-06-25 22:24:05.174 [DEBUG]   [25] -[4,33]:- (línea 4, columna 33, lexema: '-')
2025-06-25 22:24:05.174 [DEBUG]   [26] number[4,34]:2 (línea 4, columna 34, lexema: '2')
2025-06-25 22:24:05.174 [DEBUG]   [27] )[4,35]:) (línea 4, columna 35, lexema: ')')
2025-06-25 22:24:05.174 [DEBUG]   [28] ;[4,36]:; (línea 4, columna 36, lexema: ';')
2025-06-25 22:24:05.174 [DEBUG]   [29] }[5,3]:} (línea 5, columna 3, lexema: '}')
2025-06-25 22:24:05.174 [DEBUG]   [30] else[6,3]:else (línea 6, columna 3, lexema: 'else')
2025-06-25 22:24:05.174 [DEBUG]   [31] {[6,8]:{ (línea 6, columna 8, lexema: '{')
2025-06-25 22:24:05.174 [DEBUG]   [32] var_id[7,5]:x (línea 7, columna 5, lexema: 'x')
2025-06-25 22:24:05.174 [DEBUG]   [33] =[7,7]:= (línea 7, columna 7, lexema: '=')
2025-06-25 22:24:05.174 [DEBUG]   [34] number[7,9]:1 (línea 7, columna 9, lexema: '1')
2025-06-25 22:24:05.174 [DEBUG]   [35] ;[7,10]:; (línea 7, columna 10, lexema: ';')
2025-06-25 22:24:05.174 [DEBUG]   [36] }[8,3]:} (línea 8, columna 3, lexema: '}')
2025-06-25 22:24:05.174 [DEBUG]   [37] ;[8,4]:; (línea 8, columna 4, lexema: ';')
2025-06-25 22:24:05.174 [DEBUG]   [38] }[9,1]:} (línea 9, columna 1, lexema: '}')
2025-06-25 22:24:05.174 [DEBUG]   [39] type[10,1]:type (línea 10, columna 1, lexema: 'type')
2025-06-25 22:24:05.174 [DEBUG]   [40] type_id[10,6]:Point (línea 10, columna 6, lexema: 'Point')
2025-06-25 22:24:05.174 [DEBUG]   [41] {[10,12]:{ (línea 10, columna 12, lexema: '{')
2025-06-25 22:24:05.174 [DEBUG]   [42] var_id[11,3]:x (línea 11, columna 3, lexema: 'x')
2025-06-25 22:24:05.174 [DEBUG]   [43] =[11,5]:= (línea 11, columna 5, lexema: '=')
2025-06-25 22:24:05.174 [DEBUG]   [44] number[11,7]:3 (línea 11, columna 7, lexema: '3')
2025-06-25 22:24:05.174 [DEBUG]   [45] ;[11,8]:; (línea 11, columna 8, lexema: ';')
2025-06-25 22:24:05.174 [DEBUG]   [46] }[12,1]:} (línea 12, columna 1, lexema: '}')
2025-06-25 22:24:05.174 [DEBUG]   [47] type[13,1]:type (línea 13, columna 1, lexema: 'type')
2025-06-25 22:24:05.174 [DEBUG]   [48] type_id[13,6]:OtroType (línea 13, columna 6, lexema: 'OtroType')
2025-06-25 22:24:05.174 [DEBUG]   [49] {[13,15]:{ (línea 13, columna 15, lexema: '{')
2025-06-25 22:24:05.174 [DEBUG]   [50] var_id[14,3]:y (línea 14, columna 3, lexema: 'y')
2025-06-25 22:24:05.174 [DEBUG]   [51] =[14,5]:= (línea 14, columna 5, lexema: '=')
2025-06-25 22:24:05.174 [DEBUG]   [52] string[14,7]:"25" (línea 14, columna 7, lexema: '"25"')
2025-06-25 22:24:05.174 [DEBUG]   [53] ;[14,11]:; (línea 14, columna 11, lexema: ';')
2025-06-25 22:24:05.174 [DEBUG]   [54] }[15,1]:} (línea 15, columna 1, lexema: '}')
2025-06-25 22:24:05.174 [DEBUG]   [55] {[16,1]:{ (línea 16, columna 1, lexema: '{')
2025-06-25 22:24:05.174 [DEBUG]   [56] function[17,3]:function (línea 17, columna 3, lexema: 'function')
2025-06-25 22:24:05.174 [DEBUG]   [57] var_id[17,12]:fibonacci (línea 17, columna 12, lexema: 'fibonacci')
2025-06-25 22:24:05.174 [DEBUG]   [58] ([17,21]:( (línea 17, columna 21, lexema: '(')
2025-06-25 22:24:05.174 [DEBUG]   [59] var_id[17,23]:x (línea 17, columna 23, lexema: 'x')
2025-06-25 22:24:05.174 [DEBUG]   [60] :[17,25]:: (línea 17, columna 25, lexema: ':')
2025-06-25 22:24:05.174 [DEBUG]   [61] type_id[17,27]:Int (línea 17, columna 27, lexema: 'Int')
2025-06-25 22:24:05.174 [DEBUG]   [62] )[17,30]:) (línea 17, columna 30, lexema: ')')
2025-06-25 22:24:05.174 [DEBUG]   [63] =>[17,32]:=> (línea 17, columna 32, lexema: '=>')
2025-06-25 22:24:05.174 [DEBUG]   [64] var_id[17,35]:fibonacci (línea 17, columna 35, lexema: 'fibonacci')
2025-06-25 22:24:05.174 [DEBUG]   [65] ([17,44]:( (línea 17, columna 44, lexema: '(')
2025-06-25 22:24:05.174 [DEBUG]   [66] var_id[17,45]:x (línea 17, columna 45, lexema: 'x')
2025-06-25 22:24:05.174 [DEBUG]   [67] -[17,46]:- (línea 17, columna 46, lexema: '-')
2025-06-25 22:24:05.174 [DEBUG]   [68] number[17,47]:1 (línea 17, columna 47, lexema: '1')
2025-06-25 22:24:05.174 [DEBUG]   [69] )[17,48]:) (línea 17, columna 48, lexema: ')')
2025-06-25 22:24:05.174 [DEBUG]   [70] +[17,50]:+ (línea 17, columna 50, lexema: '+')
2025-06-25 22:24:05.174 [DEBUG]   [71] var_id[17,52]:fibonacci (línea 17, columna 52, lexema: 'fibonacci')
2025-06-25 22:24:05.174 [DEBUG]   [72] ([17,61]:( (línea 17, columna 61, lexema: '(')
2025-06-25 22:24:05.174 [DEBUG]   [73] var_id[17,62]:x (línea 17, columna 62, lexema: 'x')
2025-06-25 22:24:05.174 [DEBUG]   [74] -[17,63]:- (línea 17, columna 63, lexema: '-')
2025-06-25 22:24:05.174 [DEBUG]   [75] number[17,64]:2 (línea 17, columna 64, lexema: '2')
2025-06-25 22:24:05.174 [DEBUG]   [76] )[17,65]:) (línea 17, columna 65, lexema: ')')
2025-06-25 22:24:05.174 [DEBUG]   [77] ;[17,66]:; (línea 17, columna 66, lexema: ';')
2025-06-25 22:24:05.174 [DEBUG]   [78] }[18,1]:} (línea 18, columna 1, lexema: '}')
2025-06-25 22:24:05.174 [DEBUG]   [79] EOF[19,1]:EOF (línea 19, columna 1, lexema: 'EOF')
2025-06-25 22:24:05.174 [DEBUG] REDUCE por producción: id_expr -> var_id : type_id  (ID: 36)
2025-06-25 22:24:05.174 [DEBUG] REDUCE por producción: args_list -> id_expr  (ID: 34)
2025-06-25 22:24:05.174 [DEBUG] REDUCE por producción: id_expr -> var_id  (ID: 37)
2025-06-25 22:24:05.174 [DEBUG] REDUCE por producción: expr -> id_expr  (ID: 20)
2025-06-25 22:24:05.174 [ERROR] Error sintáctico: Error de sintaxis: token inesperado 'number'. Se esperaba: '!', 'bool', 'if', 'let', 'string', 'var_id' o 'while' en línea 3, columna 11

Contexto del error:

   ([3,6]:(
   var_id[3,7]:x
   >[3,9]:>
>> number[3,11]:0 <<
   )[3,12]:)
   {[3,14]:{
   var_id[4,5]:fibonacci

2025-06-25 22:24:05.174 [ERROR] Error en la construcción del AST: Error sintáctico: Error de sintaxis: token inesperado 'number'. Se esperaba: '!', 'bool', 'if', 'let', 'string', 'var_id' o 'while' en línea 3, columna 11

Contexto del error:

   ([3,6]:(
   var_id[3,7]:x
   >[3,9]:>
>> number[3,11]:0 <<
   )[3,12]:)
   {[3,14]:{
   var_id[4,5]:fibonacci

